Master Record Number,Date,Weekend?,Hour,Collision Type,Injury Type,Primary Factor,Reported_Location,Latitude,Longitude,Location
902405712,2015-03-02,Weekday,1400,2-Car,No injury/unknown,FOLLOWING TOO CLOSELY,10TH & FEE,39.17158912,-86.51939366,"39.17158912,-86.51939366"
902405875,2015-03-02,Weekday,1500,2-Car,No injury/unknown,IMPROPER PASSING,E LAW & FEE,39.17392294,-86.51845431,"39.17392294,-86.51845431"
902405880,2015-03-01,Weekday,2200,1-Car,No injury/unknown,SPEED TOO FAST FOR WEATHER CONDITIONS,10TH & UNION,39.171472,-86.509376,"39.171472,-86.509376"
902405913,2015-03-02,Weekday,1900,2-Car,No injury/unknown,UNSAFE BACKING,E 10TH,39.17157747,-86.51808392,"39.17157747,-86.51808392"
902405951,2015-03-02,Weekday,1800,3+ Cars,No injury/unknown,FAILURE TO YIELD RIGHT OF WAY,17TH & WOODBURN,39.178976,-86.536032,"39.178976,-86.536032"
902405958,2015-03-02,Weekday,1800,2-Car,No injury/unknown,OTHER (DRIVER) - EXPLAIN IN NARRATIVE,S KINGSTON,39.16655822,-86.492816,"39.16655822,-86.492816"
902405959,2015-03-02,Weekday,1700,2-Car,No injury/unknown,FAILURE TO YIELD RIGHT OF WAY,ACUFF & SR37,39.20824,-86.554704,"39.20824,-86.554704"
902405960,2015-03-02,Weekday,1400,2-Car,No injury/unknown,UNSAFE BACKING,S LIBERTY,39.145264,-86.577616,"39.145264,-86.577616"
902405967,2015-03-02,Weekday,1800,2-Car,No injury/unknown,FAILURE TO YIELD RIGHT OF WAY,RHORER & S OLD ST RD 37,39.12141994,-86.53134986,"39.12141994,-86.53134986"
902406010,2015-03-02,Weekday,1000,2-Car,No injury/unknown,UNSAFE BACKING,S LANDMARK,39.1593799,-86.5537101,"39.1593799,-86.5537101"
902406021,2015-03-01,Weekend,1700,2-Car,No injury/unknown,FAILURE TO YIELD RIGHT OF WAY,15TH & NORTH WALNUT,39.176848,-86.533424,"39.176848,-86.533424"
902406029,2015-03-02,Weekday,1600,2-Car,No injury/unknown,FOLLOWING TOO CLOSELY,E MONROE DAM & SR37S,39.01996772,-86.53611979,"39.01996772,-86.53611979"
902406038,2015-03-02,Weekday,1700,2-Car,Non-incapacitating,FOLLOWING TOO CLOSELY,FRANKLIN & WEST THIRD,39.164688,-86.5712,"39.164688,-86.5712"
902406049,2015-03-02,Weekday,1900,1-Car,Incapacitating,RAN OFF ROAD RIGHT,EAST THIRD & PARK RIDGE,39.16424,-86.476096,"39.16424,-86.476096"
902406181,2015-03-02,Weekday,1200,2-Car,No injury/unknown,FOLLOWING TOO CLOSELY,COLLEGE & KIRKWOOD,39.16664,-86.53444718,"39.16664,-86.53444718"
902406339,2015-03-03,Weekday,800,2-Car,No injury/unknown,UNSAFE BACKING,N JACKSON & W 17TH,39.179024,-86.539616,"39.179024,-86.539616"
902409488,2015-03-07,Weekend,1100,2-Car,No injury/unknown,UNSAFE BACKING,3RD,39.16424,-86.49307941,"39.16424,-86.49307941"
902409612,2015-03-07,Weekend,1300,2-Car,No injury/unknown,IMPROPER TURNING,HIGHLAND & THIRD,39.16426229,-86.51775641,"39.16426229,-86.51775641"
902409614,2015-03-07,Weekend,1500,2-Car,No injury/unknown,FOLLOWING TOO CLOSELY,E 10TH & FORREST,39.17163022,-86.52237989,"39.17163022,-86.52237989"
902409648,2015-03-07,Weekend,1800,2-Car,No injury/unknown,FAILURE TO YIELD RIGHT OF WAY,SR46E & WALNUT,39.186368,-86.5344,"39.186368,-86.5344"
902409665,2015-03-07,Weekend,1700,3+ Cars,No injury/unknown,FOLLOWING TOO CLOSELY,CHAMBERS & SR37N,39.30947257,-86.51445927,"39.30947257,-86.51445927"
902409795,2015-03-06,Weekday,1000,2-Car,No injury/unknown,UNSAFE BACKING,LEONARD SPRINGS,39.14107513,-86.58297729,"39.14107513,-86.58297729"
902409798,2015-03-07,Weekend,1100,2-Car,No injury/unknown,UNSAFE BACKING,W WAMPLER,39.33501622,-86.59342205,"39.33501622,-86.59342205"
902409947,2015-03-01,Weekend,1600,2-Car,No injury/unknown,FAILURE TO YIELD RIGHT OF WAY,PETE ELLIS & SR46E,39.16424,-86.495088,"39.16424,-86.495088"
902409988,2015-03-01,Weekend,1400,2-Car,No injury/unknown,UNSAFE BACKING,S WALNUT,39.12392521,-86.52665691,"39.12392521,-86.52665691"
902410072,2015-03-05,Weekday,1100,2-Car,No injury/unknown,FAILURE TO YIELD RIGHT OF WAY,SR37 & VERNAL,39.17645167,-86.56253061,"39.17645167,-86.56253061"
902410100,2015-03-02,Weekday,100,1-Car,No injury/unknown,,KIRKWOOD & WALNUT,39.16658486,-86.5336078,"39.16658486,-86.5336078"
902410123,2015-03-01,Weekday,2300,2-Car,No injury/unknown,UNSAFE BACKING,E 3RD,39.16456,-86.5550845,"39.16456,-86.5550845"
902410186,2015-03-06,Weekday,1600,2-Car,No injury/unknown,UNSAFE BACKING,N FEE,39.17612549,-86.51898236,"39.17612549,-86.51898236"
902410315,2015-03-02,Weekday,800,2-Car,Non-incapacitating,UNSAFE SPEED,17TH & FEE,39.1789307,-86.51916841,"39.1789307,-86.51916841"
902410328,2015-03-02,Weekday,1100,2-Car,No injury/unknown,FOLLOWING TOO CLOSELY,PATTERSON & S ROGERS,39.15379018,-86.53875008,"39.15379018,-86.53875008"
902410684,2015-03-02,Weekday,1400,2-Car,No injury/unknown,UNSAFE BACKING,NORTH FAIRVIEW & WEST KIRKWOOD,39.166704,-86.5408,"39.166704,-86.5408"
902410776,2015-03-07,Weekend,1800,2-Car,No injury/unknown,,TENTH & UNION,39.17135171,-86.50945074,"39.17135171,-86.50945074"
902410787,2015-03-02,Weekday,1600,2-Car,Non-incapacitating,DISREGARD SIGNAL/REG SIGN,SR37 & SR45W,39.148144,-86.572992,"39.148144,-86.572992"
902410800,2015-03-02,Weekday,1700,2-Car,No injury/unknown,IMPROPER TURNING,E ATWATER,39.16335678,-86.51499176,"39.16335678,-86.51499176"
902410823,2015-03-02,Weekday,1200,2-Car,No injury/unknown,UNSAFE BACKING,SOUTH FESS,39.16406237,-86.52593381,"39.16406237,-86.52593381"
902410866,2015-03-02,Weekday,1700,2-Car,Non-incapacitating,FOLLOWING TOO CLOSELY,JORDAN & LINGELBACH,39.17714755,-86.51252555,"39.17714755,-86.51252555"
902410891,2015-03-01,Weekday,2200,1-Car,Incapacitating,RAN OFF ROAD RIGHT,N HARTSTRAIT & W MAJESTIC WOODS,39.2458553,-86.61127969,"39.2458553,-86.61127969"
902410907,2015-03-02,Weekday,1200,2-Car,No injury/unknown,OTHER (DRIVER) - EXPLAIN IN NARRATIVE,3RD & KINGSTON,39.16424,-86.492944,"39.16424,-86.492944"
902410908,2015-03-02,Weekday,1300,1-Car,No injury/unknown,RAN OFF ROAD RIGHT,S WEIMER & W WAPEHANI,39.142608,-86.562048,"39.142608,-86.562048"
902410953,2015-03-02,Weekday,1400,2-Car,No injury/unknown,UNSAFE SPEED,17TH & N WOODLAWN,39.178992,-86.523504,"39.178992,-86.523504"
902410967,2015-01-05,Weekday,700,2-Car,No injury/unknown,UNSAFE SPEED,WALNUT & WINSLOW,39.13597025,-86.53111846,"39.13597025,-86.53111846"
902411074,2015-02-06,Weekday,1400,2-Car,No injury/unknown,IMPROPER TURNING,CURRY & VERNAL,39.17650909,-86.58312857,"39.17650909,-86.58312857"
902411075,2015-02-07,Weekend,1300,2-Car,No injury/unknown,DRIVER DISTRACTED - EXPLAIN IN NARRATIVE,SR37S & TAPP,39.13704,-86.572896,"39.13704,-86.572896"
902411077,2015-03-03,Weekday,900,2-Car,Non-incapacitating,FOLLOWING TOO CLOSELY,S PATTERSON & W 3RD,39.16344009,-86.55128002,"39.16344009,-86.55128002"
902411141,2015-03-03,Weekday,1200,2-Car,No injury/unknown,FAILURE TO YIELD RIGHT OF WAY,PATTERSON,39.16217342,-86.54991075,"39.16217342,-86.54991075"
902411308,2015-03-03,Weekday,1500,2-Car,No injury/unknown,FAILURE TO YIELD RIGHT OF WAY,LIBERTY & SR45,39.14596012,-86.57747102,"39.14596012,-86.57747102"
902411325,2015-03-03,Weekday,1700,2-Car,No injury/unknown,UNSAFE BACKING,S WASHINGTON,39.1710031,-86.5324,"39.1710031,-86.5324"
902411328,2015-03-03,Weekday,1800,2-Car,Incapacitating,FOLLOWING TOO CLOSELY,SR37N & WEST VERNAL,39.17580534,-86.56344483,"39.17580534,-86.56344483"
902411339,2015-03-03,Weekday,1700,2-Car,No injury/unknown,UNSAFE BACKING,E THIRD,39.0803299,-86.51473999,"39.0803299,-86.51473999"
902411353,2015-03-03,Weekday,1700,2-Car,No injury/unknown,UNSAFE BACKING,N DUNN,39.180352,-86.5284,"39.180352,-86.5284"
902411380,2015-03-03,Weekday,2100,2-Car,Non-incapacitating,IMPROPER LANE USAGE,FESS & THIRD,39.16427777,-86.52588752,"39.16427777,-86.52588752"
902411454,2015-03-03,Weekday,1200,2-Car,No injury/unknown,DISREGARD SIGNAL/REG SIGN,S LIBERTY & W 3RD,39.16461021,-86.57913006,"39.16461021,-86.57913006"
902411471,2015-03-03,Weekday,1200,1-Car,No injury/unknown,OTHER (ENVIRONMENTAL) - EXPLAIN IN NARR,DANIELS,39.16671172,-86.59908838,"39.16671172,-86.59908838"
902411506,2015-03-07,Weekend,1000,2-Car,No injury/unknown,FAILURE TO YIELD RIGHT OF WAY,37 & GORDON,39.73761023,-86.274728,"39.73761023,-86.274728"
902411646,2015-03-03,Weekday,800,2-Car,No injury/unknown,UNSAFE SPEED,DILLMAN & SR37,39.09023917,-86.54535097,"39.09023917,-86.54535097"
902411655,2015-03-03,Weekday,2200,1-Car,No injury/unknown,IMPROPER LANE USAGE,400 W TERRACE & S ROGERS,39.127616,-86.538688,"39.127616,-86.538688"
902411887,2015-03-04,Weekday,1200,2-Car,No injury/unknown,UNSAFE BACKING,E 3RD,39.16443758,-86.54775367,"39.16443758,-86.54775367"
902411946,2015-03-04,Weekday,1600,1-Car,No injury/unknown,ANIMAL/OBJECT IN ROADWAY,NORTH DUNN & TAMARACK,39.25556115,-86.52857981,"39.25556115,-86.52857981"
902411980,2015-03-04,Weekday,1400,2-Car,No injury/unknown,IMPROPER LANE USAGE,N COLLEGE & W 7TH,39.16697343,-86.5348602,"39.16697343,-86.5348602"
902412007,2015-03-04,Weekday,1900,2-Car,No injury/unknown,FOLLOWING TOO CLOSELY,10TH & SUNRISE,39.17157993,-86.5124885,"39.17157993,-86.5124885"
902412041,2015-03-04,Weekday,1700,2-Car,No injury/unknown,FOLLOWING TOO CLOSELY,CHANDLER & SR46W,39.23506165,-86.61779785,"39.23506165,-86.61779785"
902412088,2015-03-04,Weekday,1500,2-Car,No injury/unknown,FAILURE TO YIELD RIGHT OF WAY,N DANIELS,39.16671172,-86.59908838,"39.16671172,-86.59908838"
902412089,2015-03-04,Weekday,1800,2-Car,No injury/unknown,FAILURE TO YIELD RIGHT OF WAY,INDRUSTRIAL & SR45W,39.14359867,-86.58030842,"39.14359867,-86.58030842"
902412094,2015-03-04,Weekday,1800,Pedestrian,Non-incapacitating,PEDESTRIAN ACTION,SUGAR MAPLE,39.15650725,-86.58816576,"39.15650725,-86.58816576"
902412120,2015-03-01,Weekend,0,3+ Cars,Non-incapacitating,DRIVER DISTRACTED - EXPLAIN IN NARRATIVE,SR46S & THIRD,39.16424006,-86.49827018,"39.16424006,-86.49827018"
902412363,2015-03-05,Weekday,1100,2-Car,No injury/unknown,FAILURE TO YIELD RIGHT OF WAY,E 13TH & N INDIANA,39.175504,-86.527104,"39.175504,-86.527104"
902412423,2015-03-04,Weekday,1800,2-Car,No injury/unknown,DISREGARD SIGNAL/REG SIGN,BASSWOOD & BLOOMFIELD,39.14978027,-86.56889006,"39.14978027,-86.56889006"
902412441,2015-03-07,Weekend,1000,2-Car,Non-incapacitating,FAILURE TO YIELD RIGHT OF WAY,3RD & LIBERTY,38.95312131,-86.57913006,"38.95312131,-86.57913006"
902412460,2015-03-05,Weekday,1200,2-Car,No injury/unknown,UNSAFE BACKING,WALNUT,39.17839758,-86.53339992,"39.17839758,-86.53339992"
902412501,2015-03-05,Weekday,1500,2-Car,No injury/unknown,UNSAFE SPEED,BRYANTS CREEK & SR37,39.33676612,-86.51067628,"39.33676612,-86.51067628"
902412512,2015-03-05,Weekday,1200,1-Car,No injury/unknown,RAN OFF ROAD RIGHT,S BUCKNER,39.16409502,-86.54457045,"39.16409502,-86.54457045"
902412527,2015-03-05,Weekday,1700,2-Car,No injury/unknown,FAILURE TO YIELD RIGHT OF WAY,7TH & LINCOLN,39.16864,-86.53125663,"39.16864,-86.53125663"
902412594,2015-03-05,Weekday,1700,1-Car,No injury/unknown,ANIMAL/OBJECT IN ROADWAY,LEGACY & MOUNT TABOR,39.26170215,-86.62624977,"39.26170215,-86.62624977"
902412595,2015-03-05,Weekday,1900,3+ Cars,No injury/unknown,RAN OFF ROAD RIGHT,BURMA,39.141616,-86.542032,"39.141616,-86.542032"
902412631,2015-03-07,Weekend,300,3+ Cars,No injury/unknown,UNSAFE LANE MOVEMENT,1ST & GRANT,39.177776,-86.5296,"39.177776,-86.5296"
902412703,2015-03-06,Weekday,700,2-Car,No injury/unknown,SPEED TOO FAST FOR WEATHER CONDITIONS,SR45 & SR46,39.14511871,-86.57756805,"39.14511871,-86.57756805"
902412717,2015-03-05,Weekday,1800,2-Car,No injury/unknown,,E GRAHAM,39.13994939,-86.53920947,"39.13994939,-86.53920947"
902412721,2015-03-06,Weekday,900,2-Car,No injury/unknown,SPEED TOO FAST FOR WEATHER CONDITIONS,FOX HOLLOW & SR37,39.28922813,-86.51836149,"39.28922813,-86.51836149"
902412722,2015-03-03,Weekday,2000,Pedestrian,Non-incapacitating,OTHER (ENVIRONMENTAL) - EXPLAIN IN NARR,W 7TH,39.168848,-86.55378253,"39.168848,-86.55378253"
902412821,2015-03-06,Weekday,700,Bus,No injury/unknown,FAILURE TO YIELD RIGHT OF WAY,DODDS & WASHINGTON,39.15738031,-86.53243012,"39.15738031,-86.53243012"
902412856,2015-03-06,Weekday,1000,2-Car,No injury/unknown,FAILURE TO YIELD RIGHT OF WAY,E RHORER & S WALNUT ST,39.12144,-86.526496,"39.12144,-86.526496"
902412873,2015-03-06,Weekday,800,2-Car,No injury/unknown,OTHER (DRIVER) - EXPLAIN IN NARRATIVE,S ROGERS,39.16152,-86.538592,"39.16152,-86.538592"
902413015,2015-03-06,Weekday,1300,2-Car,No injury/unknown,FAILURE TO YIELD RIGHT OF WAY,HENDERSON & WINSLOW,39.136144,-86.52662367,"39.136144,-86.52662367"
902413016,2015-03-04,Weekday,1800,Pedestrian,No injury/unknown,DISREGARD SIGNAL/REG SIGN,RITTER & SALE,39.232048,-86.627296,"39.232048,-86.627296"
902413017,2015-03-06,Weekday,1400,3+ Cars,No injury/unknown,FAILURE TO YIELD RIGHT OF WAY,13TH & INDIANA,39.175504,-86.527104,"39.175504,-86.527104"
902413088,2015-03-06,Weekday,1600,1-Car,No injury/unknown,UNSAFE BACKING,EAST 3RD,39.16464,-86.5324,"39.16464,-86.5324"
902413112,2015-03-05,Weekday,2000,1-Car,No injury/unknown,ANIMAL/OBJECT IN ROADWAY,S ROCKPORT & SR37S,39.11664474,-86.5659002,"39.11664474,-86.5659002"
902413122,2015-03-06,Weekday,1700,2-Car,No injury/unknown,FOLLOWING TOO CLOSELY,3RD & WOODLAWN,39.16438374,-86.52364965,"39.16438374,-86.52364965"
902413187,2015-03-05,Weekday,2200,2-Car,No injury/unknown,,NORTH MAPLE & WEST 15TH,39.17664,-86.542096,"39.17664,-86.542096"
902413233,2015-03-06,Weekend,2300,2-Car,No injury/unknown,OTHER (DRIVER) - EXPLAIN IN NARRATIVE,WALNUT,39.16464,-86.5336,"39.16464,-86.5336"
902413375,2015-03-06,Weekday,1700,2-Car,No injury/unknown,FOLLOWING TOO CLOSELY,N DUNN & SR4546E,39.186352,-86.528496,"39.186352,-86.528496"
902413423,2015-03-05,Weekday,1300,2-Car,No injury/unknown,FOLLOWING TOO CLOSELY,FLATWOODS & SR46W,39.25347374,-86.65441007,"39.25347374,-86.65441007"
902413435,2015-03-07,Weekend,1400,2-Car,No injury/unknown,FOLLOWING TOO CLOSELY,N MADISON & W 17TH,39.178992,-86.537792,"39.178992,-86.537792"
902413511,2015-03-07,Weekend,2000,2-Car,No injury/unknown,IMPROPER TURNING,SWAIN & THIRD,39.16425012,-86.51525996,"39.16425012,-86.51525996"
902413539,2015-03-07,Weekend,2100,2-Car,No injury/unknown,UNSAFE BACKING,S WALNUT STREET,39.13656457,-86.52910857,"39.13656457,-86.52910857"
902413544,2015-03-07,Weekend,1800,Cyclist,No injury/unknown,FAILURE TO YIELD RIGHT OF WAY,N PETE ELLIS,39.16743,-86.495047,"39.16743,-86.495047"
902413669,2015-03-01,Weekend,900,3+ Cars,Incapacitating,FOLLOWING TOO CLOSELY,SR37N & WAYPORT,39.25917759,-86.52426508,"39.25917759,-86.52426508"
902413673,2015-03-01,Weekend,1100,Moped/Motorcycle,Incapacitating,OTHER (DRIVER) - EXPLAIN IN NARRATIVE,WALNUT ST & WINSLOW,39.136144,-86.528688,"39.136144,-86.528688"
902413683,2015-03-01,Weekend,1100,2-Car,No injury/unknown,OTHER (DRIVER) - EXPLAIN IN NARRATIVE,N GATES & W JONATHON,39.16876025,-86.57641969,"39.16876025,-86.57641969"
902413703,2015-03-01,Weekend,1200,1-Car,No injury/unknown,OTHER (DRIVER) - EXPLAIN IN NARRATIVE,EAST THIRD,39.16548157,-86.4972763,"39.16548157,-86.4972763"
902413710,2015-03-05,Weekday,1700,2-Car,Non-incapacitating,RAN OFF ROAD RIGHT,E RHORER,39.12152,-86.51176139,"39.12152,-86.51176139"
902413711,2015-03-05,Weekday,2000,1-Car,No injury/unknown,ANIMAL/OBJECT IN ROADWAY,WALCOTT & WOODYARD,39.20263934,-86.60293007,"39.20263934,-86.60293007"
902413734,2015-03-07,Weekend,1100,2-Car,No injury/unknown,UNSAFE LANE MOVEMENT,LIBERTY,39.145264,-86.577616,"39.145264,-86.577616"
902413842,2015-03-01,Weekend,1800,2-Car,No injury/unknown,IMPROPER LANE USAGE,11TH & BLAIR,39.173344,-86.543792,"39.173344,-86.543792"
902414407,2015-03-02,Weekday,1300,1-Car,Non-incapacitating,RAN OFF ROAD RIGHT,SMITH & STONEGATE,39.16115016,-86.48071981,"39.16115016,-86.48071981"
902414428,2015-03-02,Weekday,1300,2-Car,No injury/unknown,FOLLOWING TOO CLOSELY,MAYBURY & S LEONARD SPRINGS,39.21073468,-86.58259977,"39.21073468,-86.58259977"
902414525,2015-03-02,Weekday,1700,2-Car,No injury/unknown,UNSAFE LANE MOVEMENT,KIRKWOOD & WALNUT,39.16664,-86.5336,"39.16664,-86.5336"
902414529,2015-03-03,Weekday,2100,1-Car,Non-incapacitating,RAN OFF ROAD RIGHT,SOUTH ROCKPORT & WEST TAPP,39.136448,-86.548704,"39.136448,-86.548704"
902414615,2015-03-02,Weekday,2200,1-Car,No injury/unknown,RAN OFF ROAD RIGHT,ISON ROAD & TOWER,39.104944,-86.61032,"39.104944,-86.61032"
902414629,2015-03-03,Weekday,500,2-Car,No injury/unknown,,E 12TH & N WALNUT,39.174352,-86.533472,"39.174352,-86.533472"
902414632,2015-03-02,Weekday,1300,2-Car,No injury/unknown,UNSAFE BACKING,S SWAIN,39.16410678,-86.51519608,"39.16410678,-86.51519608"
902414664,2015-03-03,Weekday,500,1-Car,No injury/unknown,RAN OFF ROAD RIGHT,GIFFORD & KIRBY,39.15144,-86.610496,"39.15144,-86.610496"
902414943,2015-03-03,Weekday,1300,2-Car,No injury/unknown,FAILURE TO YIELD RIGHT OF WAY,S LEONARD SPRINGS,39.142048,-86.582592,"39.142048,-86.582592"
902414987,2015-03-03,Weekday,1400,Moped/Motorcycle,Non-incapacitating,FAILURE TO YIELD RIGHT OF WAY,ALLEN & PATTERSON,39.15563017,-86.54330983,"39.15563017,-86.54330983"
902415123,2015-03-01,Weekday,2000,2-Car,Incapacitating,FAILURE TO YIELD RIGHT OF WAY,SMITHVILLE & SR37S,39.16424,-86.480688,"39.16424,-86.480688"
902415132,2015-03-07,Weekend,1900,2-Car,No injury/unknown,FAILURE TO YIELD RIGHT OF WAY,SMITH & SR46W,39.20979593,-86.58265377,"39.20979593,-86.58265377"
902415133,2015-03-06,Weekday,1600,2-Car,Incapacitating,RAN OFF ROAD RIGHT,LEONARD SPRINGS & SR45W,39.1419316,-86.58281025,"39.1419316,-86.58281025"
902432049,2015-04-02,Weekday,1600,Bus,Non-incapacitating,FOLLOWING TOO CLOSELY,GRIMES & HENDERSON,39.153392,-86.527008,"39.153392,-86.527008"
902432050,2015-04-02,Weekday,1000,2-Car,No injury/unknown,UNSAFE BACKING,EAST 17TH,39.17906329,-86.5209221,"39.17906329,-86.5209221"
902432075,2015-04-02,Weekday,1500,2-Car,Non-incapacitating,DISREGARD SIGNAL/REG SIGN,E 3RD & S WALNUT,39.16464,-86.5336,"39.16464,-86.5336"
902432089,2015-04-07,Weekend,2100,2-Car,No injury/unknown,UNSAFE BACKING,DUNN & KIRKWOOD,39.16664,-86.528192,"39.16664,-86.528192"
902432092,2015-04-02,Weekday,1500,2-Car,No injury/unknown,FOLLOWING TOO CLOSELY,2ND & COLLEGE,39.16144,-86.534848,"39.16144,-86.534848"
902432093,2015-04-02,Weekday,1700,2-Car,No injury/unknown,FAILURE TO YIELD RIGHT OF WAY,15TH & JACKSON,39.17664,-86.539712,"39.17664,-86.539712"
902432121,2015-04-01,Weekend,1700,2-Car,No injury/unknown,UNSAFE BACKING,BALLANTINE & MAXWELL,39.13664481,-86.51891984,"39.13664481,-86.51891984"
902432124,2015-04-02,Weekday,700,2-Car,No injury/unknown,IMPROPER TURNING,E KIRKWOOD,39.16677127,-86.54552653,"39.16677127,-86.54552653"
902432152,2015-04-02,Weekday,2100,2-Car,Incapacitating,DISREGARD SIGNAL/REG SIGN,S CURRY & SR45E,39.142048,-86.582592,"39.142048,-86.582592"
902432199,2015-04-03,Weekday,300,1-Car,No injury/unknown,ANIMAL/OBJECT IN ROADWAY,N MT TABOR & W TABOR HILL,39.30579968,-86.63102638,"39.30579968,-86.63102638"
902432306,2015-04-03,Weekday,800,2-Car,No injury/unknown,UNSAFE BACKING,COUNTRY CLUB & ROGERS,39.14132106,-86.53826568,"39.14132106,-86.53826568"
902432313,2015-04-03,Weekday,800,2-Car,No injury/unknown,FAILURE TO YIELD RIGHT OF WAY,LIBERTY & STATE ROAD 45,39.25071158,-86.57777018,"39.25071158,-86.57777018"
902432633,2015-04-03,Weekday,1200,2-Car,No injury/unknown,DISREGARD SIGNAL/REG SIGN,2ND & WALKER,39.16143434,-86.54614523,"39.16143434,-86.54614523"
902432642,2015-04-03,Weekday,1000,2-Car,No injury/unknown,OTHER (DRIVER) - EXPLAIN IN NARRATIVE,N FEE & SR46E,39.18589032,-86.51897973,"39.18589032,-86.51897973"
902432659,2015-04-03,Weekday,1200,2-Car,No injury/unknown,UNSAFE BACKING,SO WOODSCREST,39.16132517,-86.50238335,"39.16132517,-86.50238335"
902432675,2015-04-02,Weekday,1900,1-Car,No injury/unknown,OTHER (DRIVER) - EXPLAIN IN NARRATIVE,E KIRKWOOD & INDIANA,39.16664,-86.526896,"39.16664,-86.526896"
902432722,2015-04-03,Weekday,1500,3+ Cars,No injury/unknown,FOLLOWING TOO CLOSELY,RANGE & SR45S,39.171504,-86.495312,"39.171504,-86.495312"
902432846,2015-04-03,Weekday,2200,2-Car,No injury/unknown,,E 4TH,39.165648,-86.528144,"39.165648,-86.528144"
902432884,2015-04-03,Weekday,1200,2-Car,No injury/unknown,UNSAFE BACKING,WEST 11TH,39.17344,-86.53033078,"39.17344,-86.53033078"
902432885,2015-04-04,Weekday,0,3+ Cars,No injury/unknown,DRIVER DISTRACTED - EXPLAIN IN NARRATIVE,CLARIZZ & COVENANTER,39.15246986,-86.49045507,"39.15246986,-86.49045507"
902433046,2015-04-04,Weekday,1000,2-Car,No injury/unknown,FAILURE TO YIELD RIGHT OF WAY,DODDS & S WASHINGTON,39.157536,-86.5324,"39.157536,-86.5324"
902433049,2015-04-06,Weekday,1400,2-Car,No injury/unknown,FOLLOWING TOO CLOSELY,EASTGATE & SR46E,39.17024,-86.501392,"39.17024,-86.501392"
902433110,2015-04-04,Weekday,700,3+ Cars,Non-incapacitating,DISREGARD SIGNAL/REG SIGN,S LIBERTY & W 3RD,39.16461021,-86.57913006,"39.16461021,-86.57913006"
902433111,2015-04-04,Weekday,700,2-Car,No injury/unknown,OTHER (DRIVER) - EXPLAIN IN NARRATIVE,E 3RD & SR4546E,39.164448,-86.471888,"39.164448,-86.471888"
902433213,2015-04-04,Weekday,1400,2-Car,No injury/unknown,FAILURE TO YIELD RIGHT OF WAY,E BETHEL & SR45E,39.21281905,-86.45958909,"39.21281905,-86.45958909"
902433272,2015-04-04,Weekday,1000,2-Car,No injury/unknown,FAILURE TO YIELD RIGHT OF WAY,E BLUE RIDGE & N WALNUT,39.196848,-86.5344,"39.196848,-86.5344"
902433368,2015-04-04,Weekday,1600,2-Car,No injury/unknown,DISREGARD SIGNAL/REG SIGN,E UNIVERSITY & S HENDERSON,39.16038975,-86.52718976,"39.16038975,-86.52718976"
902433399,2015-04-04,Weekday,1400,2-Car,No injury/unknown,IMPROPER LANE USAGE,3RD & FAIRVIEW,39.164272,-86.5408,"39.164272,-86.5408"
902433473,2015-04-05,Weekday,700,2-Car,No injury/unknown,FOLLOWING TOO CLOSELY,S BANTA & W COUNTRY CLUB,39.136304,-86.544592,"39.136304,-86.544592"
902433498,2015-04-02,Weekday,1000,1-Car,No injury/unknown,RAN OFF ROAD RIGHT,COX & SR45W,39.21952997,-86.4451502,"39.21952997,-86.4451502"
902433499,2015-04-03,Weekday,700,2-Car,No injury/unknown,UNSAFE BACKING,SR37 & VICTOR,39.105552,-86.551104,"39.105552,-86.551104"
902433568,2015-04-05,Weekday,1000,2-Car,No injury/unknown,OTHER (DRIVER) - EXPLAIN IN NARRATIVE,W 3RD,39.228944,-86.627504,"39.228944,-86.627504"
902433569,2015-04-05,Weekday,1000,2-Car,No injury/unknown,OTHER (DRIVER) - EXPLAIN IN NARRATIVE,6TH & GRANT,39.16767469,-86.53145944,"39.16767469,-86.53145944"
902433601,2015-04-05,Weekday,1000,2-Car,No injury/unknown,FAILURE TO YIELD RIGHT OF WAY,S HENDERSON & S WALNUT ST,39.133744,-86.526896,"39.133744,-86.526896"
902433706,2015-04-05,Weekday,1500,1-Car,No injury/unknown,OVERCORRECTING/OVERSTEERING,17TH & FEE,39.178928,-86.518992,"39.178928,-86.518992"
902433734,2015-04-05,Weekday,1600,2-Car,No injury/unknown,FAILURE TO YIELD RIGHT OF WAY,ATWATER & HAWTHORNE,39.16309007,-86.52020998,"39.16309007,-86.52020998"