Master Record Number,Date,Weekend?,Hour,Collision Type,Injury Type,Primary Factor,Reported_Location,Latitude,Longitude,Location
902383086,2015-01-05,Weekday,1500,2-Car,No injury/unknown,UNSAFE BACKING,N KINSER,39.20304,-86.547392,"39.20304,-86.547392"
902383096,2015-01-05,Weekday,1600,3+ Cars,No injury/unknown,FOLLOWING TOO CLOSELY,2ND & ROGERS,39.17197385,-86.53867028,"39.17197385,-86.53867028"
902383109,2015-01-02,Weekday,2300,1-Car,No injury/unknown,UNSAFE LANE MOVEMENT,EAST 17TH,39.17906597,-86.52582384,"39.17906597,-86.52582384"
902383212,2015-01-05,Weekday,1500,2-Car,No injury/unknown,FOLLOWING TOO CLOSELY,E 3RD & S WOODCREST,39.164272,-86.502416,"39.164272,-86.502416"
902383313,2015-01-05,Weekday,1000,2-Car,Non-incapacitating,ACCELERATOR FAILURE OR DEFECTIVE,N WALNUT & SR46W,39.186368,-86.5344,"39.186368,-86.5344"
902383331,2015-01-04,Weekday,500,1-Car,Non-incapacitating,RAN OFF ROAD RIGHT,DUNN & OLD STATE ROAD 37,39.208048,-86.528704,"39.208048,-86.528704"
902383384,2015-01-05,Weekday,1000,2-Car,Non-incapacitating,UNSAFE BACKING,N WALNUT & SR46W,39.18636592,-86.53404709,"39.18636592,-86.53404709"
902383558,2015-01-06,Weekday,1100,2-Car,No injury/unknown,LEFT OF CENTER,E 10TH & N WOODBRIDGE,39.17154975,-86.49086996,"39.17154975,-86.49086996"
902383569,2015-01-06,Weekday,1200,2-Car,No injury/unknown,FAILURE TO YIELD RIGHT OF WAY,GATES,39.16825801,-86.5763399,"39.16825801,-86.5763399"
902383587,2015-01-06,Weekday,1200,2-Car,No injury/unknown,FAILURE TO YIELD RIGHT OF WAY,MILLER & WALNUT,39.14828415,-86.5329291,"39.14828415,-86.5329291"
902383630,2015-01-06,Weekday,1100,2-Car,No injury/unknown,FAILURE TO YIELD RIGHT OF WAY,ROGERS & SARE,39.13584,-86.496288,"39.13584,-86.496288"
902383796,2015-01-06,Weekday,1700,2-Car,No injury/unknown,UNSAFE LANE MOVEMENT,3RD & COLLEGE MALL,39.16424,-86.4984,"39.16424,-86.4984"
902383802,2015-01-06,Weekday,1400,2-Car,Incapacitating,FAILURE TO YIELD RIGHT OF WAY,S CURRY & W 3RD,39.16093865,-86.58292002,"39.16093865,-86.58292002"
902383804,2015-01-06,Weekday,1700,2-Car,No injury/unknown,FOLLOWING TOO CLOSELY,3RD & CORY,39.164544,-86.560096,"39.164544,-86.560096"
902383805,2015-01-06,Weekday,1600,2-Car,No injury/unknown,FAILURE TO YIELD RIGHT OF WAY,JACOB & SUSAN,39.17026028,-86.57266996,"39.17026028,-86.57266996"
902383811,2015-01-06,Weekday,1600,3+ Cars,Incapacitating,DISREGARD SIGNAL/REG SIGN,EAST 17TH & SR46,39.17979888,-86.50723113,"39.17979888,-86.50723113"
902383835,2015-01-06,Weekday,1700,2-Car,Incapacitating,DISREGARD SIGNAL/REG SIGN,E 3RD & N SMITH,39.16424,-86.480688,"39.16424,-86.480688"
902383838,2015-01-06,Weekday,1500,3+ Cars,Non-incapacitating,FOLLOWING TOO CLOSELY,E EASTGATE & SR46S,39.17007363,-86.50130881,"39.17007363,-86.50130881"
902383851,2015-01-06,Weekend,1900,2-Car,No injury/unknown,OTHER (DRIVER) - EXPLAIN IN NARRATIVE,E HILLSIDE & GRANT,39.15031738,-86.53008584,"39.15031738,-86.53008584"
902383936,2015-01-07,Weekend,400,1-Car,No injury/unknown,OTHER (DRIVER) - EXPLAIN IN NARRATIVE,W GOURLEY,39.185232,-86.54060206,"39.185232,-86.54060206"
902383939,2015-01-03,Weekday,500,1-Car,No injury/unknown,SPEED TOO FAST FOR WEATHER CONDITIONS,E ROBINSON,39.25177383,-86.47724151,"39.25177383,-86.47724151"
902384048,2015-01-07,Weekend,1300,3+ Cars,No injury/unknown,FOLLOWING TOO CLOSELY,EASTGATE & SR46E,39.17024,-86.501392,"39.17024,-86.501392"
902384068,2015-01-07,Weekend,1300,2-Car,Incapacitating,FAILURE TO YIELD RIGHT OF WAY,S PATTERSON & W 2ND,39.16074984,-86.54850997,"39.16074984,-86.54850997"
902387336,2015-01-02,Weekday,1300,Bus,No injury/unknown,OTHER (DRIVER) - EXPLAIN IN NARRATIVE,CLARIZZ & COVENANTER,39.15246986,-86.49053723,"39.15246986,-86.49053723"
902387451,2015-02-04,Weekday,1400,2-Car,No injury/unknown,OTHER (DRIVER) - EXPLAIN IN NARRATIVE,EAST 7TH,39.168752,-86.5436,"39.168752,-86.5436"
902387452,2015-02-04,Weekday,1800,1-Car,No injury/unknown,UNSAFE BACKING,E 10TH,39.17157747,-86.51808392,"39.17157747,-86.51808392"
902387456,2015-02-04,Weekday,1400,3+ Cars,No injury/unknown,OTHER (DRIVER) - EXPLAIN IN NARRATIVE,EAST 14TH & NORTH WASHINGTON,39.175968,-86.532288,"39.175968,-86.532288"
902387457,2015-02-04,Weekday,1700,2-Car,Incapacitating,LEFT OF CENTER,N OLD STATE RD 37 & NORTH DUNN,39.208048,-86.528704,"39.208048,-86.528704"
902387473,2015-02-04,Weekday,2000,2-Car,No injury/unknown,SPEED TOO FAST FOR WEATHER CONDITIONS,NORTH FEE,39.17800784,-86.51889301,"39.17800784,-86.51889301"
902387477,2015-02-04,Weekday,2000,Bus,No injury/unknown,FAILURE TO YIELD RIGHT OF WAY,INDIANA & SIXTH,39.16751336,-86.5269452,"39.16751336,-86.5269452"
902387479,2015-02-04,Weekday,1800,2-Car,No injury/unknown,SPEED TOO FAST FOR WEATHER CONDITIONS,17TH & COLLEGE,39.17923465,-86.53471898,"39.17923465,-86.53471898"
902387498,2015-02-04,Weekday,1900,1-Car,No injury/unknown,SPEED TOO FAST FOR WEATHER CONDITIONS,S COLLEGE,39.16387853,-86.53482318,"39.16387853,-86.53482318"
902387500,2015-02-04,Weekday,2100,1-Car,No injury/unknown,ROADWAY SURFACE CONDITION,ATWATER & JORDAN,39.16304983,-86.51638984,"39.16304983,-86.51638984"
902387583,2015-02-04,Weekday,2300,1-Car,No injury/unknown,SPEED TOO FAST FOR WEATHER CONDITIONS,10TH & BARRINGTON,39.17166978,-86.48929014,"39.17166978,-86.48929014"
902387615,2015-02-04,Weekday,1900,1-Car,No injury/unknown,RAN OFF ROAD RIGHT,STONE MILL & WHISNAND,39.22464,-86.539392,"39.22464,-86.539392"
902387785,2015-02-05,Weekday,700,2-Car,No injury/unknown,ROADWAY SURFACE CONDITION,LANDMARK & W 3RD,39.16442983,-86.55630983,"39.16442983,-86.55630983"
902387889,2015-02-05,Weekday,800,1-Car,No injury/unknown,SPEED TOO FAST FOR WEATHER CONDITIONS,SPARKS & SR37,39.31408333,-85.48831667,"39.31408333,-85.48831667"
902388053,2015-02-05,Weekday,1100,2-Car,No injury/unknown,IMPROPER TURNING,3RD & SOUTH COLLEGE,39.16464,-86.534816,"39.16464,-86.534816"
902388149,2015-02-05,Weekday,1200,2-Car,No injury/unknown,IMPROPER PASSING,3RD & S LINCOLN,39.16464,-86.531024,"39.16464,-86.531024"
902388259,2015-02-04,Weekday,2100,1-Car,No injury/unknown,SPEED TOO FAST FOR WEATHER CONDITIONS,EAST ROGERS & SOUTH SMITH,39.13584,-86.480496,"39.13584,-86.480496"
902388393,2015-02-04,Weekday,1900,2-Car,No injury/unknown,LEFT OF CENTER,N CROSSOVER & SR37N,39.29414449,-86.51947021,"39.29414449,-86.51947021"
902388394,2015-02-04,Weekday,2000,1-Car,No injury/unknown,RAN OFF ROAD RIGHT,SR37N & W BURMA,39.31173574,-86.51283861,"39.31173574,-86.51283861"
902388588,2015-02-04,Weekday,1000,2-Car,No injury/unknown,OTHER (DRIVER) - EXPLAIN IN NARRATIVE,SOUTH WALNUT,39.14213562,-86.52915191,"39.14213562,-86.52915191"
902388611,2015-02-05,Weekday,2000,1-Car,No injury/unknown,RAN OFF ROAD RIGHT,COLLEGE & DODDS,39.157568,-86.534896,"39.157568,-86.534896"
902388614,2015-02-05,Weekday,1600,2-Car,No injury/unknown,FOLLOWING TOO CLOSELY,E 3RD & S WALNUT,39.16464,-86.5336,"39.16464,-86.5336"
902388643,2015-02-05,Weekday,2200,2-Car,No injury/unknown,FAILURE TO YIELD RIGHT OF WAY,3RD & WALNUT,39.16464,-86.5336,"39.16464,-86.5336"
902388675,2015-02-05,Weekday,2300,2-Car,Incapacitating,IMPROPER TURNING,E VARSITY,39.183605,-86.530387,"39.183605,-86.530387"
902388683,2015-02-05,Weekday,2300,3+ Cars,Incapacitating,LEFT OF CENTER,EAST 20TH & NORTH LINCOLN,39.181744,-86.530192,"39.181744,-86.530192"
902388688,2015-02-05,Weekday,2300,2-Car,No injury/unknown,FOLLOWING TOO CLOSELY,E 3RD & S INDIANA,39.164448,-86.5268,"39.164448,-86.5268"
902388691,2015-02-05,Weekday,600,1-Car,No injury/unknown,RAN OFF ROAD RIGHT,N WAYPORT & SR37N,39.26274948,-86.52262902,"39.26274948,-86.52262902"
902388692,2015-02-05,Weekday,700,2-Car,No injury/unknown,FOLLOWING TOO CLOSELY,N WAYPORT & SR37N,39.26220126,-86.52261598,"39.26220126,-86.52261598"
902388903,2015-02-05,Weekday,800,2-Car,No injury/unknown,SPEED TOO FAST FOR WEATHER CONDITIONS,CROSSOVER & SR37N,39.03417863,-86.51947021,"39.03417863,-86.51947021"
902388984,2015-02-05,Weekday,700,2-Car,No injury/unknown,RAN OFF ROAD RIGHT,SIMPSON CHAPEL & SR37N,39.28310542,-86.52179929,"39.28310542,-86.52179929"
902389015,2015-02-06,Weekday,900,1-Car,No injury/unknown,RAN OFF ROAD RIGHT,GILMORE & REEVES,39.23164485,-86.67094287,"39.23164485,-86.67094287"
902389057,2015-02-06,Weekday,1200,2-Car,No injury/unknown,UNSAFE BACKING,COLLEGE & W 6TH,39.167648,-86.534784,"39.167648,-86.534784"
902389058,2015-02-06,Weekday,1100,2-Car,No injury/unknown,,BURKS,39.152352,-86.5064,"39.152352,-86.5064"
902389163,2015-02-06,Weekday,100,2-Car,No injury/unknown,,E 14,39.17602502,-86.53047479,"39.17602502,-86.53047479"
902389175,2015-02-05,Weekday,2000,2-Car,No injury/unknown,UNSAFE LANE MOVEMENT,ATWATER & HENDERSON,39.163344,-86.5272,"39.163344,-86.5272"
902389302,2015-02-06,Weekday,1600,3+ Cars,No injury/unknown,FOLLOWING TOO CLOSELY,ATWATER & PARK,39.1631179,-86.52403492,"39.1631179,-86.52403492"
902389338,2015-02-06,Weekday,1600,2-Car,No injury/unknown,UNSAFE BACKING,EAST 17TH,39.17906329,-86.5209221,"39.17906329,-86.5209221"
902389386,2015-02-06,Weekday,1700,1-Car,No injury/unknown,UNSAFE BACKING,S FAIRFAX,39.03407288,-86.4906311,"39.03407288,-86.4906311"
902389388,2015-02-06,Weekday,1600,3+ Cars,Incapacitating,FOLLOWING TOO CLOSELY,FULLERTON & SR37S,39.18558944,-86.57353973,"39.18558944,-86.57353973"
902389401,2015-02-06,Weekday,1700,2-Car,No injury/unknown,LEFT OF CENTER,BOLTINGHOUSE & EARL YOUNG,39.23031025,-86.4732658,"39.23031025,-86.4732658"
902389546,2015-02-05,Weekday,800,2-Car,No injury/unknown,FAILURE TO YIELD RIGHT OF WAY,N CURRY & W VERNAL,39.179248,-86.5832,"39.179248,-86.5832"
902389547,2015-02-05,Weekday,1300,2-Car,No injury/unknown,UNSAFE BACKING,W SIERRA,39.15266671,-86.58359594,"39.15266671,-86.58359594"
902389566,2015-02-07,Weekend,1000,2-Car,No injury/unknown,FOLLOWING TOO CLOSELY,MCARTNEY & SARE,39.15540218,-86.49749971,"39.15540218,-86.49749971"
902389572,2015-02-07,Weekend,900,2-Car,No injury/unknown,IMPROPER TURNING,HIGHLAND & THIRD,39.16426229,-86.51775641,"39.16426229,-86.51775641"
902389886,2015-02-05,Weekday,2100,2-Car,No injury/unknown,SPEED TOO FAST FOR WEATHER CONDITIONS,BOTTOM & SR37,39.3824478,-86.55792236,"39.3824478,-86.55792236"
902389991,2015-02-07,Weekend,1700,2-Car,No injury/unknown,FAILURE TO YIELD RIGHT OF WAY,8TH & GRANT,39.169552,-86.529696,"39.169552,-86.529696"
902390035,2015-02-07,Weekend,1700,2-Car,Non-incapacitating,DISREGARD SIGNAL/REG SIGN,2ND & PATTERSON,39.16074984,-86.54850997,"39.16074984,-86.54850997"
902390036,2015-02-07,Weekend,1300,2-Car,No injury/unknown,FOLLOWING TOO CLOSELY,WALNUT & WINSLOW,39.136144,-86.528688,"39.136144,-86.528688"
902390062,2015-02-07,Weekend,200,2-Car,No injury/unknown,UNSAFE BACKING,N FAIRVIEW & W 12TH,39.174192,-86.541072,"39.174192,-86.541072"
902390104,2015-02-01,Weekend,400,3+ Cars,No injury/unknown,,2ND & DUNN,39.16144,-86.528288,"39.16144,-86.528288"
902390112,2015-02-07,Weekend,200,2-Car,No injury/unknown,RAN OFF ROAD RIGHT,E 14TH,39.17619886,-86.52693714,"39.17619886,-86.52693714"
902390238,2015-02-07,Weekend,2100,3+ Cars,Incapacitating,LEFT OF CENTER,SR46W & STINESVILLE,39.26696063,-86.66582979,"39.26696063,-86.66582979"
902390343,2015-02-05,Weekday,900,1-Car,Incapacitating,SPEED TOO FAST FOR WEATHER CONDITIONS,ELLIS & SR37,39.14066572,-86.53289794,"39.14066572,-86.53289794"
902390352,2015-02-01,Weekend,1800,2-Car,Non-incapacitating,IMPROPER TURNING,COLLEGE MALL & MOORES,39.15058524,-86.4979936,"39.15058524,-86.4979936"
902390384,2015-02-01,Weekday,2000,2-Car,Non-incapacitating,FOLLOWING TOO CLOSELY,N WALNUT & SR46E,39.186368,-86.5344,"39.186368,-86.5344"
902390388,2015-02-06,Weekend,2000,2-Car,No injury/unknown,UNSAFE SPEED,ACUFF & SR37,39.20840935,-86.55361584,"39.20840935,-86.55361584"
902390407,2015-02-07,Weekend,2300,2-Car,No injury/unknown,ANIMAL/OBJECT IN ROADWAY,EMPIRE MILL & SOUTH OLD STATE ROAD 37,39.08624,-86.542,"39.08624,-86.542"
902390408,2015-02-07,Weekend,500,1-Car,No injury/unknown,RAN OFF ROAD RIGHT,LEONARD SPRINGS & SR45W,39.14190066,-86.5828886,"39.14190066,-86.5828886"
902390409,2015-02-01,Weekend,300,1-Car,No injury/unknown,RAN OFF ROAD RIGHT,S SNOODY,39.1216774,-86.48906707,"39.1216774,-86.48906707"
902390585,2015-02-02,Weekday,700,1-Car,No injury/unknown,DRIVER DISTRACTED - EXPLAIN IN NARRATIVE,310 E ATWATER (GARAGE) & ATWATER,39.164448,-86.528096,"39.164448,-86.528096"
902390675,2015-02-02,Weekday,700,2-Car,No injury/unknown,,N WILLIS 9,39.18094254,-86.54261016,"39.18094254,-86.54261016"
902390970,2015-02-02,Weekday,1200,1-Car,Incapacitating,RAN OFF ROAD RIGHT,N DUNN & N OLD ST RD 37,39.20801975,-86.52873726,"39.20801975,-86.52873726"
902390972,2015-02-02,Weekday,1100,2-Car,No injury/unknown,,N RANGE,39.17975117,-86.49529366,"39.17975117,-86.49529366"
902391115,2015-02-02,Weekday,1600,3+ Cars,Non-incapacitating,FOLLOWING TOO CLOSELY,S WESTPLEX & W 3RD,39.16440971,-86.55390333,"39.16440971,-86.55390333"
902391183,2015-02-02,Weekday,1800,2-Car,No injury/unknown,FAILURE TO YIELD RIGHT OF WAY,8TH & WALDRON,39.169616,-86.5436,"39.169616,-86.5436"
902391235,2015-02-04,Weekday,2000,2-Car,No injury/unknown,ROADWAY SURFACE CONDITION,S FIELDSTONE & W COBBLE STONE,39.16040987,-86.60478003,"39.16040987,-86.60478003"
902391244,2015-02-02,Weekday,2200,1-Car,No injury/unknown,RAN OFF ROAD RIGHT,E RHORER & S SARE,39.12144005,-86.51157997,"39.12144005,-86.51157997"
902391704,2015-02-03,Weekday,1000,1-Car,No injury/unknown,INSECURE/LEAKY LOAD,FLUCK MILL & VICTOR,39.07377988,-86.57107003,"39.07377988,-86.57107003"
902391715,2015-02-03,Weekday,1700,2-Car,No injury/unknown,FAILURE TO YIELD RIGHT OF WAY,WALNUT & WALNUT STREET,39.107344,-86.5264,"39.107344,-86.5264"
902391716,2015-02-03,Weekday,1500,Bus,Incapacitating,DRIVER ILLNESS,BURKS,39.15584,-86.506496,"39.15584,-86.506496"
902391729,2015-02-03,Weekday,1500,Pedestrian,Incapacitating,IMPROPER TURNING,DUNN & KIRKWOOD,39.16664,-86.528192,"39.16664,-86.528192"
902391778,2015-02-03,Weekday,2000,Pedestrian,Non-incapacitating,PEDESTRIAN ACTION,HILLSIDE & WALNUT,39.150544,-86.5336,"39.150544,-86.5336"
902391872,2015-02-04,Weekday,0,1-Car,Non-incapacitating,ANIMAL/OBJECT IN ROADWAY,N LITTLE WOLF MOUNTAIN & N WOLF MOUNTAIN,39.30224,-86.663808,"39.30224,-86.663808"
902391928,2015-02-04,Weekday,600,2-Car,No injury/unknown,UNSAFE LANE MOVEMENT,SR37S & VERNAL,39.20835355,-86.56252288,"39.20835355,-86.56252288"
902392021,2015-02-03,Weekday,1400,2-Car,No injury/unknown,UNSAFE BACKING,EAST KIRKWOOD,39.16677127,-86.54552653,"39.16677127,-86.54552653"
902392239,2015-02-01,Weekday,1900,3+ Cars,Incapacitating,LEFT OF CENTER,SEWELL & SR46,39.15171874,-86.38255516,"39.15171874,-86.38255516"
902392272,2015-02-04,Weekday,1200,2-Car,No injury/unknown,FOLLOWING TOO CLOSELY,E GRIMES & S WALNUT,39.15344,-86.5336,"39.15344,-86.5336"
902392483,2015-02-04,Weekday,1500,2-Car,No injury/unknown,UNSAFE LANE MOVEMENT,E 3RD & S BALLANTINE,39.16424,-86.518992,"39.16424,-86.518992"
902392542,2015-02-04,Weekday,1700,2-Car,No injury/unknown,UNSAFE SPEED,SR37 & VERNAL,39.17543601,-86.56396724,"39.17543601,-86.56396724"
902392635,2015-02-02,Weekday,800,2-Car,No injury/unknown,OTHER (VEHICLE) - EXPLAIN IN NARRATIVE,3RD,39.164848,-86.57602133,"39.164848,-86.57602133"
902392703,2015-02-06,Weekday,1200,2-Car,No injury/unknown,UNSAFE BACKING,115 N GLENWOOD AVE W & LONGVIEW,39.167248,-86.484192,"39.167248,-86.484192"
902392713,2015-02-05,Weekday,800,1-Car,No injury/unknown,UNSAFE BACKING,2602 S SOUTHERN PINES & SOUTHERN RIDGE,39.13934716,-86.54755656,"39.13934716,-86.54755656"
902392737,2015-02-05,Weekday,900,1-Car,No injury/unknown,ROADWAY SURFACE CONDITION,S OLD SR 37 & SR37,39.04018419,-86.54416009,"39.04018419,-86.54416009"
902392820,2015-02-05,Weekday,1100,2-Car,No injury/unknown,FAILURE TO YIELD RIGHT OF WAY,N MONROE & SR4546W,39.186944,-86.5468,"39.186944,-86.5468"
902392852,2015-02-05,Weekday,1200,2-Car,No injury/unknown,UNSAFE BACKING,KIRKWOOD & WALNUT,39.16664,-86.5336,"39.16664,-86.5336"
902393012,2015-02-05,Weekday,1400,2-Car,Incapacitating,FOLLOWING TOO CLOSELY,10TH & UNION,39.171472,-86.509376,"39.171472,-86.509376"
902393053,2015-02-05,Weekday,1700,2-Car,No injury/unknown,FOLLOWING TOO CLOSELY,SR37N & W VERNAL,39.17599001,-86.56318363,"39.17599001,-86.56318363"
902393077,2015-02-05,Weekday,1800,2-Car,No injury/unknown,FOLLOWING TOO CLOSELY,S CURRY & W 3RD,39.16463971,-86.58292002,"39.16463971,-86.58292002"
902393080,2015-02-05,Weekday,1800,2-Car,No injury/unknown,IMPROPER PASSING,14TH & LINDBERGH,39.176048,-86.552592,"39.176048,-86.552592"
902393102,2015-02-04,Weekday,1400,2-Car,No injury/unknown,FAILURE TO YIELD RIGHT OF WAY,SMITH & SR46W,39.210144,-86.5832,"39.210144,-86.5832"
902393118,2015-02-05,Weekday,2000,Pedestrian,Non-incapacitating,OTHER (DRIVER) - EXPLAIN IN NARRATIVE,E THIRD,39.0803299,-86.51473999,"39.0803299,-86.51473999"
902393151,2015-02-05,Weekday,2200,2-Car,No injury/unknown,OTHER (DRIVER) - EXPLAIN IN NARRATIVE,WALNUT,39.165648,-86.5336,"39.165648,-86.5336"
902393180,2015-02-05,Weekday,2200,Cyclist,No injury/unknown,FAILURE TO YIELD RIGHT OF WAY,WINSLOW,39.136144,-86.523744,"39.136144,-86.523744"
902393182,2015-02-05,Weekday,2100,1-Car,Non-incapacitating,RAN OFF ROAD RIGHT,2 ND & FAIRFAX,39.082166,-86.5157979,"39.082166,-86.5157979"
902393218,2015-02-06,Weekday,400,2-Car,No injury/unknown,OTHER (DRIVER) - EXPLAIN IN NARRATIVE,NORTH MADISON & WEST 17TH,39.178992,-86.537792,"39.178992,-86.537792"
902393295,2015-02-05,Weekday,700,2-Car,No injury/unknown,UNSAFE BACKING,RHORER & WALNUT STREET,39.12144,-86.526496,"39.12144,-86.526496"
902393296,2015-02-05,Weekday,700,1-Car,Incapacitating,RAN OFF ROAD RIGHT,CHAMBERS & SR37S,39.30432,-86.5168,"39.30432,-86.5168"
902393300,2015-02-06,Weekday,800,1-Car,No injury/unknown,VIEW OBSTRUCTED,6TH & ELM,39.167712,-86.5452,"39.167712,-86.5452"
902393477,2015-02-06,Weekday,700,2-Car,No injury/unknown,FOLLOWING TOO CLOSELY,SR4546 & TENTH,39.176848,-86.478192,"39.176848,-86.478192"
902393510,2015-02-05,Weekday,800,2-Car,No injury/unknown,FAILURE TO YIELD RIGHT OF WAY,SR46W & UNION VALLEY,39.21328558,-86.59020994,"39.21328558,-86.59020994"
902393547,2015-02-05,Weekday,1300,2-Car,No injury/unknown,UNSAFE BACKING,N MADISON & W 6TH,39.167664,-86.537296,"39.167664,-86.537296"
902393689,2015-02-06,Weekday,1100,2-Car,Non-incapacitating,DISREGARD SIGNAL/REG SIGN,N OLD ST RD 37 & N WALNUT,39.18336019,-86.53415009,"39.18336019,-86.53415009"
902393699,2015-02-06,Weekday,1100,2-Car,No injury/unknown,FAILURE TO YIELD RIGHT OF WAY,N MADISON & W 17TH,39.178992,-86.537792,"39.178992,-86.537792"
902393701,2015-02-06,Weekday,1200,2-Car,No injury/unknown,FAILURE TO YIELD RIGHT OF WAY,SOUTH WALNUT,39.154352,-86.5336,"39.154352,-86.5336"
902393740,2015-02-06,Weekday,1400,2-Car,No injury/unknown,FOLLOWING TOO CLOSELY,EAST 3RD & SOUTH JEFFERSON,39.164304,-86.506992,"39.164304,-86.506992"
902393842,2015-02-06,Weekday,1800,3+ Cars,Non-incapacitating,FOLLOWING TOO CLOSELY,THIRD & WALNUT,39.08217966,-85.81297853,"39.08217966,-85.81297853"
902393854,2015-02-06,Weekday,1700,2-Car,No injury/unknown,FOLLOWING TOO CLOSELY,N CURRY & SR46W,39.19377136,-86.57120616,"39.19377136,-86.57120616"
902393869,2015-02-06,Weekday,1800,3+ Cars,No injury/unknown,FOLLOWING TOO CLOSELY,N SMITH & SR46W,39.210144,-86.5832,"39.210144,-86.5832"
902393896,2015-02-04,Weekday,1800,1-Car,Non-incapacitating,UNSAFE SPEED,EAST DILLMAN & SOUTH FAIRFAX,39.09264,-86.51672,"39.09264,-86.51672"
902393904,2015-02-06,Weekday,300,2-Car,No injury/unknown,OVERCORRECTING/OVERSTEERING,E 2ND & S WASHINGTON,39.16144,-86.5324,"39.16144,-86.5324"
902393906,2015-02-05,Weekday,1500,2-Car,No injury/unknown,DRIVER DISTRACTED - EXPLAIN IN NARRATIVE,SR37N & VERNAL,39.17617467,-86.56292242,"39.17617467,-86.56292242"
902393922,2015-02-06,Weekend,2100,2-Car,No injury/unknown,FAILURE TO YIELD RIGHT OF WAY,SR45 & WALNUT,39.186368,-86.5344,"39.186368,-86.5344"
902393958,2015-02-06,Weekend,2200,1-Car,Non-incapacitating,OTHER (DRIVER) - EXPLAIN IN NARRATIVE,S COLLEGE,39.16115717,-86.53485253,"39.16115717,-86.53485253"
902393978,2015-02-07,Weekend,400,2-Car,No injury/unknown,OTHER (DRIVER) - EXPLAIN IN NARRATIVE,S LIBERTY,39.189248,-86.531472,"39.189248,-86.531472"
902393981,2015-02-06,Weekend,2300,2-Car,No injury/unknown,,DUNN & KIRKWOOD,39.16664,-86.52822728,"39.16664,-86.52822728"
902394021,2015-02-07,Weekend,800,2-Car,No injury/unknown,IMPROPER TURNING,4TH & COLLEGE,39.165664,-86.5348,"39.165664,-86.5348"
902394245,2015-02-04,Weekday,2200,1-Car,Non-incapacitating,ROADWAY SURFACE CONDITION,LOUDEN & RATLIFF,39.21657228,-86.63986124,"39.21657228,-86.63986124"
902394378,2015-02-07,Weekend,1700,2-Car,No injury/unknown,UNSAFE BACKING,S COLLEGE,39.17088686,-86.534768,"39.17088686,-86.534768"
902394432,2015-02-07,Weekend,1600,2-Car,No injury/unknown,DISREGARD SIGNAL/REG SIGN,W STATE ROAD 45,39.125312,-86.610496,"39.125312,-86.610496"
902394440,2015-02-05,Weekday,1600,2-Car,No injury/unknown,FOLLOWING TOO CLOSELY,SR37S & TAPP,39.13704,-86.572896,"39.13704,-86.572896"
902394445,2015-02-07,Weekend,2000,1-Car,No injury/unknown,ANIMAL/OBJECT IN ROADWAY,CURRY & SR46W,39.15835953,-86.58256264,"39.15835953,-86.58256264"
902394690,2015-02-01,Weekend,1200,2-Car,No injury/unknown,FAILURE TO YIELD RIGHT OF WAY,SO WESTPLEX & W 3RD,39.16440971,-86.55389986,"39.16440971,-86.55389986"
902394698,2015-02-01,Weekend,700,2-Car,Non-incapacitating,DISREGARD SIGNAL/REG SIGN,COLLEGE & KIRKWOOD,39.16664,-86.5348,"39.16664,-86.5348"
902394868,2015-02-01,Weekend,1600,2-Car,No injury/unknown,UNSAFE BACKING,E KIRKWOOD,39.16664,-86.53096555,"39.16664,-86.53096555"
902394889,2015-02-01,Weekend,1800,2-Car,No injury/unknown,IMPROPER PASSING,3RD & FESS,39.16444271,-86.52561573,"39.16444271,-86.52561573"
902394952,2015-02-01,Weekday,2100,2-Car,No injury/unknown,FOLLOWING TOO CLOSELY,OLD SR 37 & WALNUT,39.20429773,-86.53489235,"39.20429773,-86.53489235"
902394986,2015-02-01,Weekend,200,2-Car,No injury/unknown,RAN OFF ROAD RIGHT,E 3RD,39.164544,-86.55236237,"39.164544,-86.55236237"
902395152,2015-02-02,Weekday,800,2-Car,No injury/unknown,FAILURE TO YIELD RIGHT OF WAY,E MILLER & S COVEY,39.146976,-86.516192,"39.146976,-86.516192"
902395203,2015-02-02,Weekday,900,2-Car,No injury/unknown,FAILURE TO YIELD RIGHT OF WAY,2ND & WASHINGTON,39.16144,-86.5324,"39.16144,-86.5324"
902395216,2015-02-02,Weekday,1000,2-Car,No injury/unknown,ROADWAY SURFACE CONDITION,E 3RD & PETE ELLIS,39.16424,-86.495088,"39.16424,-86.495088"
902395246,2015-02-02,Weekday,1000,1-Car,No injury/unknown,RAN OFF ROAD RIGHT,RHORER & SARE,39.12989028,-86.51157997,"39.12989028,-86.51157997"