Master Record Number,Date,Weekend?,Hour,Collision Type,Injury Type,Primary Factor,Reported_Location,Latitude,Longitude,Location
902407832,2015-03-04,Weekday,1700,3+ Cars,No injury/unknown,FOLLOWING TOO CLOSELY,E 17TH & S WALNUT,39.178944,-86.533392,"39.178944,-86.533392"
902407844,2015-03-04,Weekday,1700,2-Car,No injury/unknown,SPEED TOO FAST FOR WEATHER CONDITIONS,11TH & INDIANA,39.17344,-86.527056,"39.17344,-86.527056"
902407976,2015-03-03,Weekday,900,2-Car,No injury/unknown,OTHER (DRIVER) - EXPLAIN IN NARRATIVE,LIBERTY,39.145264,-86.577616,"39.145264,-86.577616"
902408256,2015-03-05,Weekday,1100,2-Car,No injury/unknown,IMPROPER LANE USAGE,HENDERSON & SMITH,39.16280977,-86.52725011,"39.16280977,-86.52725011"
902408397,2015-03-04,Weekday,1800,2-Car,No injury/unknown,UNSAFE SPEED,E BETHEL LANE & SR45,39.209952,-86.463392,"39.209952,-86.463392"
902408403,2015-03-04,Weekday,1700,Bus,No injury/unknown,FOLLOWING TOO CLOSELY,CURRY & GIFFORD,39.156896,-86.582704,"39.156896,-86.582704"
902408404,2015-03-04,Weekday,600,2-Car,No injury/unknown,DISREGARD SIGNAL/REG SIGN,ADAMS & ALLEN,39.155952,-86.550592,"39.155952,-86.550592"
902408457,2015-03-05,Weekday,1400,Bus,No injury/unknown,IMPROPER LANE USAGE,7TH & DUNN,39.16851014,-86.52825423,"39.16851014,-86.52825423"
902408509,2015-03-05,Weekday,1400,2-Car,No injury/unknown,UNSAFE BACKING,519 W HOOSIER COURT,39.186048,-86.550976,"39.186048,-86.550976"
902408513,2015-03-05,Weekday,1600,2-Car,No injury/unknown,UNSAFE LANE MOVEMENT,7TH & WASHINGTON,39.16864,-86.5324,"39.16864,-86.5324"
902408521,2015-03-05,Weekday,1700,2-Car,No injury/unknown,FOLLOWING TOO CLOSELY,FEE & LAW,39.174048,-86.518896,"39.174048,-86.518896"
902408553,2015-03-05,Weekday,1900,2-Car,No injury/unknown,IMPROPER TURNING,3RD & JORDAN,39.16426018,-86.5163999,"39.16426018,-86.5163999"
902408554,2015-03-04,Weekday,1700,2-Car,No injury/unknown,SPEED TOO FAST FOR WEATHER CONDITIONS,BARRINGTON,39.17191923,-86.48921169,"39.17191923,-86.48921169"
902408569,2015-03-04,Weekday,1700,1-Car,No injury/unknown,ROADWAY SURFACE CONDITION,S CURRY & SR45,39.14328396,-86.582592,"39.14328396,-86.582592"
902408583,2015-03-05,Weekday,1700,2-Car,No injury/unknown,UNSAFE LANE MOVEMENT,THIRTEENTH & WOODLAWN,39.17521693,-86.52386099,"39.17521693,-86.52386099"
902408595,2015-03-05,Weekday,1500,Bus,No injury/unknown,UNSAFE BACKING,N DANIELS,39.16671172,-86.59908838,"39.16671172,-86.59908838"
902408598,2015-03-05,Weekday,1500,1-Car,No injury/unknown,RAN OFF ROAD RIGHT,MT CARMEL & N LITTLE WOLF MOUNTAIN,39.32272484,-86.66278813,"39.32272484,-86.66278813"
902408599,2015-03-05,Weekday,2000,2-Car,No injury/unknown,FOLLOWING TOO CLOSELY,10TH & JORDAN,39.171552,-86.515728,"39.171552,-86.515728"
902408607,2015-03-05,Weekday,1500,2-Car,No injury/unknown,UNSAFE BACKING,E 3RD,39.16464,-86.52897556,"39.16464,-86.52897556"
902408611,2015-03-05,Weekday,1700,2-Car,Incapacitating,DRIVER ASLEEP OR FATIGUED,SR45W & W LEONARD SPRINGS,39.12224,-86.6144,"39.12224,-86.6144"
902408617,2015-03-05,Weekday,1400,2-Car,No injury/unknown,UNSAFE BACKING,EAST AMY,39.16934632,-86.49902455,"39.16934632,-86.49902455"
902408795,2015-03-06,Weekday,900,2-Car,No injury/unknown,FOLLOWING TOO CLOSELY,11TH & COLLEGE,39.173232,-86.534752,"39.173232,-86.534752"
902408902,2015-03-05,Weekday,900,1-Car,No injury/unknown,ROADWAY SURFACE CONDITION,E 3RD,39.16423861,-86.49522852,"39.16423861,-86.49522852"
902409143,2015-03-06,Weekday,300,2-Car,No injury/unknown,UNSAFE BACKING,N JORDAN,39.178848,-86.511088,"39.178848,-86.511088"
902409174,2015-03-05,Weekday,1600,2-Car,No injury/unknown,DRIVER DISTRACTED - EXPLAIN IN NARRATIVE,3RD & STATE 37,39.164752,-86.573104,"39.164752,-86.573104"
902409200,2015-03-06,Weekday,1300,2-Car,Non-incapacitating,FAILURE TO YIELD RIGHT OF WAY,17TH & JORDAN,39.1788524,-86.51285237,"39.1788524,-86.51285237"
902409204,2015-03-03,Weekday,1300,2-Car,No injury/unknown,SPEED TOO FAST FOR WEATHER CONDITIONS,S OLD 37,39.12021637,-86.52938079,"39.12021637,-86.52938079"
902409265,2015-03-06,Weekday,1700,2-Car,Non-incapacitating,FAILURE TO YIELD RIGHT OF WAY,S LIBERTY & SR45W,39.14499486,-86.57788929,"39.14499486,-86.57788929"
902409281,2015-03-04,Weekday,2000,1-Car,No injury/unknown,RAN OFF ROAD RIGHT,INGRAM & SR37,38.99888231,-86.53733007,"38.99888231,-86.53733007"
902409309,2015-03-06,Weekday,1500,3+ Cars,Incapacitating,FOLLOWING TOO CLOSELY,ELWREN & SR45W,39.10327889,-86.64796949,"39.10327889,-86.64796949"
902409310,2015-03-05,Weekday,2300,2-Car,No injury/unknown,IMPROPER TURNING,E UNIVERSITY,39.16034874,-86.53080751,"39.16034874,-86.53080751"
902409323,2015-03-06,Weekend,2000,2-Car,No injury/unknown,FOLLOWING TOO CLOSELY,10TH & SR4546S,39.176848,-86.478192,"39.176848,-86.478192"
902409326,2015-03-06,Weekday,1800,2-Car,No injury/unknown,FOLLOWING TOO CLOSELY,E SAMPLE & SR37N,39.26341455,-86.52265395,"39.26341455,-86.52265395"
902409327,2015-03-06,Weekday,1800,2-Car,No injury/unknown,FAILURE TO YIELD RIGHT OF WAY,N HARTSTRAIT & W VERNAL,39.18676995,-86.6112703,"39.18676995,-86.6112703"
902409328,2015-03-06,Weekend,1900,2-Car,No injury/unknown,FOLLOWING TOO CLOSELY,SR45W & W AIRPORT,39.13851891,-86.59099291,"39.13851891,-86.59099291"
902409338,2015-03-06,Weekend,2200,1-Car,No injury/unknown,RAN OFF ROAD RIGHT,10TH & GRANT,39.171696,-86.529696,"39.171696,-86.529696"
902409367,2015-03-06,Weekend,2100,2-Car,No injury/unknown,UNSAFE BACKING,E EASTGATE,39.170159,-86.501186,"39.170159,-86.501186"
902409369,2015-03-07,Weekend,100,2-Car,No injury/unknown,FAILURE TO YIELD RIGHT OF WAY,10TH & N COLLEGE,39.171744,-86.534768,"39.171744,-86.534768"
902409473,2015-03-07,Weekend,1100,2-Car,Non-incapacitating,OTHER (DRIVER) - EXPLAIN IN NARRATIVE,NORTH WALNUT,39.18708801,-86.53371429,"39.18708801,-86.53371429"
902415203,2015-03-03,Weekday,1200,2-Car,No injury/unknown,UNSAFE BACKING,E KIRKWOOD,39.166248,-86.528511,"39.166248,-86.528511"
902415257,2015-03-04,Weekday,800,2-Car,Incapacitating,FOLLOWING TOO CLOSELY,SMITH & WALNUT,39.16284794,-86.53363526,"39.16284794,-86.53363526"
902415568,2015-03-03,Weekday,600,1-Car,No injury/unknown,DRIVER ASLEEP OR FATIGUED,NORTH COUNTY LINE & SR46W,39.28165586,-86.68446529,"39.28165586,-86.68446529"
902415643,2015-03-04,Weekday,1100,2-Car,No injury/unknown,UNSAFE SPEED,2ND,39.1609738,-86.49974204,"39.1609738,-86.49974204"
902415669,2015-03-03,Weekday,1100,2-Car,No injury/unknown,UNSAFE BACKING,FULLERTON,39.12207413,-86.57376861,"39.12207413,-86.57376861"
902415670,2015-03-03,Weekday,1300,2-Car,No injury/unknown,UNSAFE BACKING,LUXBURY,39.1566124,-86.46263885,"39.1566124,-86.46263885"
902415671,2015-03-04,Weekday,700,2-Car,No injury/unknown,FAILURE TO YIELD RIGHT OF WAY,DILLMAN & OLD ST RD 37,39.09295969,-86.54416009,"39.09295969,-86.54416009"
902415849,2015-03-05,Weekday,1100,2-Car,No injury/unknown,FAILURE TO YIELD RIGHT OF WAY,E 3RD & S PETE ELLIS,39.16424,-86.495088,"39.16424,-86.495088"
902415948,2015-03-04,Weekday,2000,1-Car,Non-incapacitating,RAN OFF ROAD RIGHT,LOWER BIRDIEGALYAN & SR46E,39.165325,-86.5263857,"39.165325,-86.5263857"
902416002,2015-03-06,Weekday,1500,2-Car,No injury/unknown,,HILLSIDE & MAXWELL,39.150576,-86.515088,"39.150576,-86.515088"
902416057,2015-03-05,Weekday,1800,2-Car,No injury/unknown,UNSAFE BACKING,E SOUTHERN & S WALNUT,39.14977022,-86.53350032,"39.14977022,-86.53350032"
902416089,2015-03-02,Weekday,1200,2-Car,No injury/unknown,FOLLOWING TOO CLOSELY,LOVE & SR46W,39.219152,-86.602304,"39.219152,-86.602304"
902416092,2015-03-05,Weekday,200,1-Car,Incapacitating,RAN OFF ROAD RIGHT,S LIBERTY,39.145264,-86.577616,"39.145264,-86.577616"
902416098,2015-05-07,Weekend,1200,2-Car,No injury/unknown,UNSAFE SPEED,SR37 & VERNAL,39.176544,-86.5624,"39.176544,-86.5624"
902416644,2015-03-06,Weekend,2300,2-Car,No injury/unknown,UNSAFE BACKING,BRITTANY & BURBURY,39.13649999,-86.52313456,"39.13649999,-86.52313456"
902416671,2015-03-06,Weekend,2300,1-Car,No injury/unknown,ANIMAL/OBJECT IN ROADWAY,SR37S & WAYPORT,39.26220126,-86.52261598,"39.26220126,-86.52261598"
902416751,2015-03-07,Weekend,1400,2-Car,No injury/unknown,UNSAFE BACKING,E 2ND,39.16144,-86.53352653,"39.16144,-86.53352653"
902416766,2015-03-07,Weekend,900,Bus,No injury/unknown,UNSAFE LANE MOVEMENT,E 8TH & N FORREST,39.16947214,-86.52233049,"39.16947214,-86.52233049"
902416776,2015-03-07,Weekend,1300,2-Car,No injury/unknown,FAILURE TO YIELD RIGHT OF WAY,BLOOMFIELD & SHADELAND,39.15570997,-86.56207993,"39.15570997,-86.56207993"
902416889,2015-03-07,Weekend,1800,1-Car,No injury/unknown,RAN OFF ROAD RIGHT,W BEECH LANE,39.20817184,-86.59114837,"39.20817184,-86.59114837"
902416891,2015-03-04,Weekday,1600,1-Car,No injury/unknown,OTHER (ENVIRONMENTAL) - EXPLAIN IN NARR,BOTTOM & SR37N,39.35593623,-86.55792236,"39.35593623,-86.55792236"
902416939,2015-03-01,Weekend,200,1-Car,No injury/unknown,RAN OFF ROAD RIGHT,SR46W,39.19782378,-86.57398881,"39.19782378,-86.57398881"
902416979,2015-03-01,Weekend,900,1-Car,No injury/unknown,OVERCORRECTING/OVERSTEERING,W 17TH,39.17896,-86.53472,"39.17896,-86.53472"
902416992,2015-03-01,Weekend,900,2-Car,No injury/unknown,UNSAFE BACKING,EAST HUNTER,39.162349,-86.518623,"39.162349,-86.518623"
902416995,2015-03-01,Weekend,1000,2-Car,No injury/unknown,FAILURE TO YIELD RIGHT OF WAY,W 3RD,39.164848,-86.57588174,"39.164848,-86.57588174"
902417000,2015-03-07,Weekend,700,1-Car,No injury/unknown,ANIMAL/OBJECT IN ROADWAY,E DILLMAN & S FOXWOOD,39.0928001,-86.52696708,"39.0928001,-86.52696708"
902417001,2015-03-07,Weekend,900,2-Car,No injury/unknown,FAILURE TO YIELD RIGHT OF WAY,SR37 & W TAPP,39.13704,-86.572896,"39.13704,-86.572896"
902417056,2015-03-01,Weekend,800,1-Car,No injury/unknown,ANIMAL/OBJECT IN ROADWAY,CURRY & SR46W,39.15835953,-86.58256264,"39.15835953,-86.58256264"
902417101,2015-03-01,Weekend,1400,2-Car,No injury/unknown,FOLLOWING TOO CLOSELY,2ND & PATTERSON,39.16074984,-86.54850997,"39.16074984,-86.54850997"
902417103,2015-03-01,Weekend,1200,2-Car,No injury/unknown,UNSAFE LANE MOVEMENT,E 10TH & N LINCOLN,39.171712,-86.530992,"39.171712,-86.530992"
902417136,2015-03-01,Weekend,1800,2-Car,No injury/unknown,FOLLOWING TOO CLOSELY,EAST 3RD & SOUTH BALLANTINE,39.16427024,-86.51912972,"39.16427024,-86.51912972"
902417162,2015-03-01,Weekend,1800,2-Car,No injury/unknown,FOLLOWING TOO CLOSELY,BURMA & SR37N,39.32229413,-86.51171127,"39.32229413,-86.51171127"
902417235,2015-03-07,Weekend,2200,1-Car,No injury/unknown,RAN OFF ROAD RIGHT,E STATE 45 & N BRUMMETTS CREEK,39.230544,-86.42,"39.230544,-86.42"
902417363,2015-03-02,Weekday,700,2-Car,Non-incapacitating,FAILURE TO YIELD RIGHT OF WAY,S LEONARD SPRINGS & W LEONARD SPRINGS,39.126976,-86.582464,"39.126976,-86.582464"
902417368,2015-03-02,Weekday,800,2-Car,No injury/unknown,FAILURE TO YIELD RIGHT OF WAY,DUNCAN & SR45W,39.13504,-86.596192,"39.13504,-86.596192"
902417477,2015-03-02,Weekday,1100,2-Car,No injury/unknown,FOLLOWING TOO CLOSELY,ROCKPORT & TAPP,39.136448,-86.548704,"39.136448,-86.548704"
902417660,2015-03-02,Weekday,2300,2-Car,No injury/unknown,UNSAFE LANE MOVEMENT,E 3RD & SO KINGSTON,39.16424,-86.492944,"39.16424,-86.492944"
902417767,2015-03-02,Weekday,1300,1-Car,No injury/unknown,SPEED TOO FAST FOR WEATHER CONDITIONS,W MAIN STREET,39.238336,-86.629328,"39.238336,-86.629328"
902418005,2015-03-02,Weekday,1600,2-Car,No injury/unknown,FOLLOWING TOO CLOSELY,SR37S & TAPP,39.13704,-86.572896,"39.13704,-86.572896"
902418014,2015-03-02,Weekday,1800,2-Car,No injury/unknown,UNSAFE BACKING,W 17TH,39.17896,-86.53472,"39.17896,-86.53472"
902418058,2015-03-02,Weekday,2200,2-Car,No injury/unknown,FAILURE TO YIELD RIGHT OF WAY,7TH & WALNUT,39.16864,-86.533568,"39.16864,-86.533568"
902418409,2015-03-03,Weekday,1100,2-Car,No injury/unknown,FOLLOWING TOO CLOSELY,W 3RD & WESTPLEX,39.16440971,-86.55389986,"39.16440971,-86.55389986"
902418410,2015-03-03,Weekday,1100,2-Car,No injury/unknown,IMPROPER LANE USAGE,3RD & WALNUT,39.16464,-86.5336,"39.16464,-86.5336"
902418664,2015-03-03,Weekday,1700,2-Car,No injury/unknown,UNSAFE BACKING,N FEE,39.17281455,-86.51879273,"39.17281455,-86.51879273"
902418666,2015-03-03,Weekday,1800,1-Car,No injury/unknown,RAN OFF ROAD RIGHT,DUNN & SECOND,39.16144,-86.528288,"39.16144,-86.528288"
902418701,2015-03-03,Weekday,1900,2-Car,No injury/unknown,UNSAFE BACKING,SR45W,39.125312,-86.610496,"39.125312,-86.610496"
902418726,2015-03-03,Weekday,1600,2-Car,No injury/unknown,FAILURE TO YIELD RIGHT OF WAY,3RD & LIBERTY,39.1646097,-86.57912351,"39.1646097,-86.57912351"
902418734,2015-03-03,Weekday,1500,1-Car,No injury/unknown,RAN OFF ROAD RIGHT,CHAFFIN CHAPEL & SR46W,39.25960159,-86.64377545,"39.25960159,-86.64377545"
902418918,2015-03-04,Weekday,800,1-Car,No injury/unknown,ANIMAL/OBJECT IN ROADWAY,ACUFF & SR37N,39.41962367,-86.55677032,"39.41962367,-86.55677032"
902419037,2015-03-03,Weekday,700,2-Car,Non-incapacitating,FOLLOWING TOO CLOSELY,N BRYANTS CREEK & SR37N,39.32945497,-86.51541754,"39.32945497,-86.51541754"
902419038,2015-03-06,Weekday,1300,1-Car,No injury/unknown,TIRE FAILURE OR DEFECTIVE,CURRY & VERNAL,39.17915985,-86.58308029,"39.17915985,-86.58308029"
902419149,2015-03-04,Weekday,2000,2-Car,No injury/unknown,FAILURE TO YIELD RIGHT OF WAY,BLOOMFIELD & LAKE CREST,39.15543973,-86.5624997,"39.15543973,-86.5624997"
902419150,2015-03-03,Weekday,1200,2-Car,No injury/unknown,UNSAFE BACKING,E 7TH,39.16858267,-86.52091725,"39.16858267,-86.52091725"
902419227,2015-03-04,Weekday,1400,Bus,No injury/unknown,FAILURE TO YIELD RIGHT OF WAY,E 10TH & FEE,39.171584,-86.518688,"39.171584,-86.518688"
902419247,2015-03-04,Weekday,1600,2-Car,No injury/unknown,IMPROPER TURNING,3RD & INDIANA,39.164448,-86.5268,"39.164448,-86.5268"
902419326,2015-03-04,Weekday,1600,3+ Cars,No injury/unknown,FAILURE TO YIELD RIGHT OF WAY,14TH & COLLEGE,39.175984,-86.534736,"39.175984,-86.534736"
902419670,2015-03-06,Weekend,2200,1-Car,No injury/unknown,OTHER (VEHICLE) - EXPLAIN IN NARRATIVE,WEST GORDON,39.12557983,-86.57916259,"39.12557983,-86.57916259"
902419705,2015-03-05,Weekday,1300,2-Car,No injury/unknown,OTHER (DRIVER) - EXPLAIN IN NARRATIVE,GRANT & SECOND,39.16144,-86.52976,"39.16144,-86.52976"
902419712,2015-03-05,Weekday,1800,3+ Cars,No injury/unknown,FOLLOWING TOO CLOSELY,17TH & FEE,39.178928,-86.518992,"39.178928,-86.518992"
902419729,2015-03-01,Weekend,1600,2-Car,No injury/unknown,IMPROPER LANE USAGE,E 3RD,39.16423861,-86.49522852,"39.16423861,-86.49522852"
902419734,2015-03-05,Weekday,1800,2-Car,No injury/unknown,IMPROPER LANE USAGE,E 3RD & HIGHLAND,39.16427367,-86.51771488,"39.16427367,-86.51771488"
902419754,2015-03-04,Weekday,2200,1-Car,No injury/unknown,ANIMAL/OBJECT IN ROADWAY,FULLERTON & SR37S,39.12431712,-86.57199314,"39.12431712,-86.57199314"
902419766,2015-03-05,Weekday,2300,2-Car,No injury/unknown,OTHER (DRIVER) - EXPLAIN IN NARRATIVE,E EASTGATE,39.170086,-86.50234,"39.170086,-86.50234"
902419835,2015-03-03,Weekday,700,2-Car,No injury/unknown,LEFT OF CENTER,LOST MANS & TRUESDEL,39.22317021,-86.59190592,"39.22317021,-86.59190592"
902420009,2015-03-06,Weekday,800,2-Car,No injury/unknown,IMPROPER LANE USAGE,UNION,39.166848,-86.509296,"39.166848,-86.509296"
902420145,2015-03-04,Weekday,1700,1-Car,No injury/unknown,UNSAFE BACKING,NORTH JORDAN,39.166912,-86.516224,"39.166912,-86.516224"
902420166,2015-03-06,Weekday,1500,2-Car,No injury/unknown,FOLLOWING TOO CLOSELY,RANGE & SR46S,39.17522812,-86.49550628,"39.17522812,-86.49550628"
902420178,2015-03-06,Weekday,1400,2-Car,No injury/unknown,FOLLOWING TOO CLOSELY,10TH & SR4546N,39.176848,-86.478192,"39.176848,-86.478192"
902420197,2015-03-06,Weekday,1700,2-Car,No injury/unknown,FAILURE TO YIELD RIGHT OF WAY,KIRKWOOD & MADISON,39.166656,-86.537296,"39.166656,-86.537296"
902420343,2015-03-07,Weekend,1000,2-Car,No injury/unknown,FAILURE TO YIELD RIGHT OF WAY,WEST 11TH,39.17344,-86.52354547,"39.17344,-86.52354547"
902420360,2015-03-07,Weekend,800,1-Car,No injury/unknown,RAN OFF ROAD RIGHT,N HEADLEY & TREADWELL,39.19008,-86.514288,"39.19008,-86.514288"
902420367,2015-03-07,Weekend,1100,1-Car,No injury/unknown,IMPROPER TURNING,EAST 3RD,39.16422196,-86.50215134,"39.16422196,-86.50215134"
902420455,2015-03-07,Weekend,1600,2-Car,No injury/unknown,IMPROPER TURNING,DELTA ZETA PARKING LOT EXIT & NORTH JORDAN,39.182448,-86.512496,"39.182448,-86.512496"
902420478,2015-03-07,Weekend,1300,2-Car,No injury/unknown,UNSAFE BACKING,E 10TH,39.17638171,-86.47901486,"39.17638171,-86.47901486"
902420518,2015-03-07,Weekend,1900,1-Car,No injury/unknown,OVERCORRECTING/OVERSTEERING,E 7TH & WOODLAWN,39.16864,-86.523392,"39.16864,-86.523392"
902420733,2015-03-05,Weekday,1300,2-Car,No injury/unknown,IMPROPER TURNING,WEST VERNAL,39.17750168,-86.58057403,"39.17750168,-86.58057403"
902420736,2015-03-06,Weekend,2000,2-Car,No injury/unknown,FOLLOWING TOO CLOSELY,SR37S & TAPP,39.13566671,-86.572896,"39.13566671,-86.572896"
902420743,2015-03-01,Weekend,1600,3+ Cars,No injury/unknown,FAILURE TO YIELD RIGHT OF WAY,LINCOLN & WYLIE,39.15834993,-86.53129018,"39.15834993,-86.53129018"
902420956,2015-03-02,Weekday,800,Bus,No injury/unknown,UNSAFE BACKING,GRAHAM & S ROCKPORT,39.140144,-86.54496,"39.140144,-86.54496"
902420964,2015-03-07,Weekend,1200,2-Car,No injury/unknown,FAILURE TO YIELD RIGHT OF WAY,SR45W,39.125312,-86.610496,"39.125312,-86.610496"
902420971,2015-03-02,Weekday,800,2-Car,Non-incapacitating,DISREGARD SIGNAL/REG SIGN,3RD & CORY,39.16447761,-86.56014195,"39.16447761,-86.56014195"
902421016,2015-03-02,Weekday,300,2-Car,No injury/unknown,UNSAFE BACKING,W NORTHLANE,39.1826541,-86.53809428,"39.1826541,-86.53809428"
902421262,2015-03-02,Weekday,1400,2-Car,No injury/unknown,FAILURE TO YIELD RIGHT OF WAY,WALNUT & WALNUT PARK ACCESS,39.107344,-86.5264,"39.107344,-86.5264"
902421307,2015-03-02,Weekday,1500,2-Car,Non-incapacitating,FOLLOWING TOO CLOSELY,E 10TH & SR4546S,39.176848,-86.478192,"39.176848,-86.478192"
902421321,2015-03-02,Weekday,1400,2-Car,No injury/unknown,FAILURE TO YIELD RIGHT OF WAY,2ND & SR46W,39.232064,-86.622176,"39.232064,-86.622176"
902421379,2015-03-02,Weekday,1700,Bus,No injury/unknown,UNSAFE BACKING,LIVE OAK & STERLING,39.11382996,-86.48140981,"39.11382996,-86.48140981"
902421391,2015-03-02,Weekday,300,2-Car,No injury/unknown,FOLLOWING TOO CLOSELY,N FOX HOLLOW & SR37N,39.28909855,-86.51842001,"39.28909855,-86.51842001"
902421431,2015-03-02,Weekday,2200,2-Car,Incapacitating,IMPROPER TURNING,LAMPKINS RIDGE & SR446E,39.41460647,-86.47139351,"39.41460647,-86.47139351"
902421523,2015-03-03,Weekday,600,1-Car,No injury/unknown,ANIMAL/OBJECT IN ROADWAY,SR37 & ZIKES,39.04670943,-86.53586743,"39.04670943,-86.53586743"
902421586,2015-03-02,Weekday,1600,1-Car,No injury/unknown,UNSAFE BACKING,2931 E 10TH (DOCK) & RANGE,39.17148598,-86.49535006,"39.17148598,-86.49535006"
902421588,2015-03-03,Weekday,1000,2-Car,No injury/unknown,OTHER (DRIVER) - EXPLAIN IN NARRATIVE,SR45W,39.125312,-86.610496,"39.125312,-86.610496"
902421590,2015-03-02,Weekday,1400,2-Car,No injury/unknown,FOLLOWING TOO CLOSELY,SR45W & STANFORD,39.08949755,-86.66685515,"39.08949755,-86.66685515"
902421658,2015-03-02,Weekday,900,2-Car,Incapacitating,FAILURE TO YIELD RIGHT OF WAY,ACUFF & SR37N,39.20824,-86.554704,"39.20824,-86.554704"
902421660,2015-03-03,Weekday,900,2-Car,No injury/unknown,DISREGARD SIGNAL/REG SIGN,W 3RD,39.164752,-86.573104,"39.164752,-86.573104"
902421779,2015-03-03,Weekday,1400,2-Car,No injury/unknown,DISREGARD SIGNAL/REG SIGN,RHORER & WALNUT,39.12144,-86.526496,"39.12144,-86.526496"
902421842,2015-03-03,Weekday,1300,Cyclist,No injury/unknown,UNSAFE LANE MOVEMENT,GATES & JACOB,39.16562006,-86.57599993,"39.16562006,-86.57599993"
902421898,2015-03-03,Weekday,1000,2-Car,No injury/unknown,,ATWATER & BALLANTINE,39.17364398,-86.51912972,"39.17364398,-86.51912972"
902421904,2015-03-03,Weekday,1700,3+ Cars,No injury/unknown,FOLLOWING TOO CLOSELY,RANGE & SR46S,39.171504,-86.495312,"39.171504,-86.495312"
902421908,2015-03-03,Weekday,1700,2-Car,No injury/unknown,FAILURE TO YIELD RIGHT OF WAY,3RD & KINGSTON,39.16424,-86.492944,"39.16424,-86.492944"
902421921,2015-03-03,Weekday,1800,2-Car,No injury/unknown,FOLLOWING TOO CLOSELY,KINSER,39.186544,-86.537888,"39.186544,-86.537888"
902421931,2015-03-03,Weekday,1700,1-Car,No injury/unknown,RAN OFF ROAD RIGHT,N LOWER BIRDIE GALYAN & SR46E,39.17547989,-86.41352081,"39.17547989,-86.41352081"
902421946,2015-03-03,Weekday,2000,2-Car,No injury/unknown,FAILURE TO YIELD RIGHT OF WAY,EAST THIRD & GRANT,39.16464,-86.529728,"39.16464,-86.529728"
902421967,2015-03-03,Weekday,1500,Pedestrian,Incapacitating,UNSAFE BACKING,W SR 46,39.2512,-86.652504,"39.2512,-86.652504"
902421968,2015-03-03,Weekday,2000,2-Car,No injury/unknown,FOLLOWING TOO CLOSELY,S OLD STATE ROAD 37 & SR37S,39.085632,-86.542304,"39.085632,-86.542304"
902421972,2015-03-03,Weekday,1700,Moped/Motorcycle,Incapacitating,FAILURE TO YIELD RIGHT OF WAY,TECUMSEH & THOMAS,39.222848,-86.63048,"39.222848,-86.63048"
902422021,2015-04-04,Weekday,0,1-Car,No injury/unknown,RAN OFF ROAD RIGHT,E STRATUM,39.15718451,-86.49233847,"39.15718451,-86.49233847"
902422058,2015-03-03,Weekday,1000,2-Car,Incapacitating,IMPROPER PASSING,ROGERS & WATSON,39.13704243,-86.5381751,"39.13704243,-86.5381751"
902422080,2015-04-04,Weekday,600,1-Car,No injury/unknown,DRIVER ASLEEP OR FATIGUED,BRYANTS CREEK & SR37,39.33556319,-86.51152924,"39.33556319,-86.51152924"
902422112,2015-04-04,Weekday,900,2-Car,No injury/unknown,FAILURE TO YIELD RIGHT OF WAY,7TH & ROGERS,39.168704,-86.538576,"39.168704,-86.538576"
902422134,2015-04-04,Weekday,700,2-Car,No injury/unknown,FAILURE TO YIELD RIGHT OF WAY,2700 BLK S WALNUT & WINSLOW,39.13566829,-86.52833531,"39.13566829,-86.52833531"
902422195,2015-04-04,Weekday,1000,2-Car,Non-incapacitating,FOLLOWING TOO CLOSELY,BURKS & S WALNUT,39.11610549,-86.53136998,"39.11610549,-86.53136998"
902422201,2015-04-04,Weekday,1100,1-Car,No injury/unknown,RAN OFF ROAD RIGHT,MEADOWCREEK & SARE,39.21934722,-86.49999015,"39.21934722,-86.49999015"
902422202,2015-04-04,Weekday,1000,2-Car,No injury/unknown,FAILURE TO YIELD RIGHT OF WAY,GRIMES & HENDERSON,39.1533,-86.52696982,"39.1533,-86.52696982"
902422365,2015-03-03,Weekday,2100,2-Car,Incapacitating,LEFT OF CENTER,SR37 & VICTOR,39.10328611,-86.54911173,"39.10328611,-86.54911173"
902422396,2015-04-04,Weekday,1700,2-Car,No injury/unknown,FOLLOWING TOO CLOSELY,COUNTRY CLUB & MILTON,39.13615095,-86.53988873,"39.13615095,-86.53988873"
902422404,2015-04-04,Weekday,1700,2-Car,No injury/unknown,FOLLOWING TOO CLOSELY,KIRKWOOD & MAPLE,39.16672,-86.542096,"39.16672,-86.542096"
902422442,2015-04-04,Weekday,1500,1-Car,No injury/unknown,UNSAFE BACKING,NORTH MONROE,39.17212343,-86.547104,"39.17212343,-86.547104"