Master Record Number,Date,Weekend?,Hour,Collision Type,Injury Type,Primary Factor,Reported_Location,Latitude,Longitude,Location
902441543,2015-05-05,Weekday,1500,2-Car,No injury/unknown,FOLLOWING TOO CLOSELY,E 3RD & N CLIFTON,39.16427754,-86.50968262,"39.16427754,-86.50968262"
902441574,2015-05-05,Weekday,1700,2-Car,No injury/unknown,UNSAFE BACKING,NORTH JORDAN,39.18163681,-86.51081848,"39.18163681,-86.51081848"
902441665,2015-05-03,Weekday,2200,1-Car,No injury/unknown,RAN OFF ROAD RIGHT,ANDERSON & LOW GAP,39.28237689,-86.41189341,"39.28237689,-86.41189341"
902441678,2015-05-05,Weekday,2000,2-Car,No injury/unknown,UNSAFE BACKING,REEVES,39.2313382,-86.64146728,"39.2313382,-86.64146728"
902441686,2015-05-04,Weekday,1700,2-Car,No injury/unknown,FAILURE TO YIELD RIGHT OF WAY,OLD SR 37 & S ROGERS,39.099408,-86.537904,"39.099408,-86.537904"
902441738,2015-05-06,Weekday,100,1-Car,No injury/unknown,RAN OFF ROAD RIGHT,HILLSIDE & WALNUT,39.150544,-86.5336,"39.150544,-86.5336"
902441821,2015-05-05,Weekday,1400,2-Car,Non-incapacitating,IMPROPER LANE USAGE,3RD & SWAIN,39.1642598,-86.51526281,"39.1642598,-86.51526281"
902441840,2015-05-06,Weekday,900,2-Car,No injury/unknown,FOLLOWING TOO CLOSELY,COLLEGE MALL & MOORES,39.15048033,-86.49825006,"39.15048033,-86.49825006"
902441880,2015-05-06,Weekday,900,2-Car,No injury/unknown,OTHER (DRIVER) - EXPLAIN IN NARRATIVE,E 3RD & SO WASHINGTON,39.16464,-86.5324,"39.16464,-86.5324"
902441949,2015-05-06,Weekday,1100,2-Car,No injury/unknown,UNSAFE BACKING,JONES & JORDAN,39.16540012,-86.51642034,"39.16540012,-86.51642034"
902442001,2015-05-06,Weekday,1300,Moped/Motorcycle,No injury/unknown,UNSAFE SPEED,17TH & FESS,39.17900623,-86.52562335,"39.17900623,-86.52562335"
902442009,2015-05-06,Weekday,1000,2-Car,No injury/unknown,FAILURE TO YIELD RIGHT OF WAY,INDUSTRIAL & SR45W,39.143552,-86.580528,"39.143552,-86.580528"
902442011,2015-05-04,Weekday,1700,1-Car,Non-incapacitating,RAN OFF ROAD RIGHT,DILLMAN & SR37S,39.0929718,-86.54577636,"39.0929718,-86.54577636"
902442016,2015-05-04,Weekday,1700,Cyclist,No injury/unknown,FAILURE TO YIELD RIGHT OF WAY,BOLTINGHOUSE & OLD SR 37,39.239744,-86.4992,"39.239744,-86.4992"
902442032,2015-05-06,Weekday,1200,Cyclist,Non-incapacitating,FAILURE TO YIELD RIGHT OF WAY,7TH & PARK,39.16864,-86.524496,"39.16864,-86.524496"
902442062,2015-05-06,Weekday,1500,2-Car,No injury/unknown,FAILURE TO YIELD RIGHT OF WAY,10TH & PARK,39.171648,-86.524608,"39.171648,-86.524608"
902442100,2015-05-06,Weekday,1600,2-Car,No injury/unknown,FOLLOWING TOO CLOSELY,DUNN & E 3RD,39.164448,-86.528096,"39.164448,-86.528096"
902442123,2015-05-06,Weekday,1800,2-Car,No injury/unknown,FOLLOWING TOO CLOSELY,10TH & SR 4546,39.176848,-86.478192,"39.176848,-86.478192"
902442127,2015-05-06,Weekday,1700,3+ Cars,Non-incapacitating,FOLLOWING TOO CLOSELY,17TH EAST & NORTH FORREST,39.1790197,-86.52249991,"39.1790197,-86.52249991"
902442152,2015-05-06,Weekday,1300,2-Car,Incapacitating,FAILURE TO YIELD RIGHT OF WAY,MONROE & SR46W,39.186944,-86.5468,"39.186944,-86.5468"
902442156,2015-05-06,Weekday,1400,2-Car,Incapacitating,FOLLOWING TOO CLOSELY,HARTSTRAIGHT & SR46W,39.20619965,-86.6113174,"39.20619965,-86.6113174"
902442194,2015-05-06,Weekday,1500,2-Car,No injury/unknown,OTHER (DRIVER) - EXPLAIN IN NARRATIVE,WALNUT STREET & WINSLOW,39.1359897,-86.52879975,"39.1359897,-86.52879975"
902442196,2015-05-06,Weekend,1900,1-Car,No injury/unknown,ACCELERATOR FAILURE OR DEFECTIVE,W RALSTON,39.13860082,-86.54499102,"39.13860082,-86.54499102"
902442202,2015-05-06,Weekday,1500,3+ Cars,Non-incapacitating,FOLLOWING TOO CLOSELY,EAST 3RD & WOODCREST,39.164272,-86.502416,"39.164272,-86.502416"
902442203,2015-05-06,Weekday,1800,1-Car,Non-incapacitating,OVERCORRECTING/OVERSTEERING,N MT TABOR & W WOODLAND,39.28344,-86.624192,"39.28344,-86.624192"
902442205,2015-05-06,Weekday,1600,2-Car,No injury/unknown,FAILURE TO YIELD RIGHT OF WAY,FULLERTON & SR37S,39.122352,-86.5712,"39.122352,-86.5712"
902442206,2015-05-06,Weekday,1600,2-Car,No injury/unknown,FOLLOWING TOO CLOSELY,SR37S & TAPP,39.1360787,-86.572896,"39.1360787,-86.572896"
902442212,2015-05-06,Weekday,1600,2-Car,No injury/unknown,OTHER (DRIVER) - EXPLAIN IN NARRATIVE,OLD ST RD 37 & S EMPIRE,39.09541994,-86.54263995,"39.09541994,-86.54263995"
902442213,2015-05-06,Weekday,1500,3+ Cars,No injury/unknown,FAILURE TO YIELD RIGHT OF WAY,N WALNUT,39.186368,-86.5344,"39.186368,-86.5344"
902442322,2015-05-06,Weekend,2000,2-Car,No injury/unknown,UNSAFE BACKING,CHRIS & EMERY,39.13970527,-86.51947975,"39.13970527,-86.51947975"
902442327,2015-05-07,Weekend,700,2-Car,No injury/unknown,DISREGARD SIGNAL/REG SIGN,10TH & LINCOLN,39.171712,-86.530992,"39.171712,-86.530992"
902442344,2015-05-06,Weekday,1200,1-Car,No injury/unknown,OTHER (DRIVER) - EXPLAIN IN NARRATIVE,1ST & MORTON,39.15938996,-86.53629988,"39.15938996,-86.53629988"
902442379,2015-05-07,Weekend,1000,2-Car,Non-incapacitating,DRIVER DISTRACTED - EXPLAIN IN NARRATIVE,CURRY & SR45W,39.14223567,-86.58233447,"39.14223567,-86.58233447"
902442391,2015-05-07,Weekend,1100,2-Car,No injury/unknown,UNSAFE BACKING,NORTH GATES,39.16987228,-86.57498168,"39.16987228,-86.57498168"
902442395,2015-05-07,Weekend,800,2-Car,No injury/unknown,FOLLOWING TOO CLOSELY,SR37N & VERNAL,39.176544,-86.5624,"39.176544,-86.5624"
902442445,2015-05-06,Weekend,1900,1-Car,No injury/unknown,ANIMAL/OBJECT IN ROADWAY,SR45W & W ELLER,39.12206498,-86.61467174,"39.12206498,-86.61467174"
902442493,2015-05-07,Weekend,1500,2-Car,No injury/unknown,UNSAFE BACKING,E 17TH,39.179008,-86.525888,"39.179008,-86.525888"
902442730,2015-05-01,Weekend,900,Bus,No injury/unknown,UNSAFE LANE MOVEMENT,BURMA & SR37,39.59882053,-86.55104064,"39.59882053,-86.55104064"
902442818,2015-05-07,Weekend,1200,2-Car,No injury/unknown,FAILURE TO YIELD RIGHT OF WAY,FOREST PARK & SR46E,39.212048,-86.5872,"39.212048,-86.5872"
902442819,2015-05-01,Weekend,1400,2-Car,No injury/unknown,FOLLOWING TOO CLOSELY,HARTSTRAIGHT & SR46E,39.20619965,-86.61134338,"39.20619965,-86.61134338"
902442834,2015-05-01,Weekend,1500,2-Car,No injury/unknown,,E 3RD,39.16424,-86.49368135,"39.16424,-86.49368135"
902442862,2015-05-07,Weekend,800,1-Car,No injury/unknown,OTHER (DRIVER) - EXPLAIN IN NARRATIVE,7TH & ADAMS,39.168576,-86.5496,"39.168576,-86.5496"
902442905,2015-05-07,Weekend,1700,Moped/Motorcycle,No injury/unknown,FAILURE TO YIELD RIGHT OF WAY,LOIS & ROGERS,39.12984,-86.538496,"39.12984,-86.538496"
902442943,2015-05-01,Weekday,2200,1-Car,No injury/unknown,ROADWAY SURFACE CONDITION,ALLEN & PATTERSON,39.13448613,-86.54330983,"39.13448613,-86.54330983"
902443106,2015-05-06,Weekday,1200,2-Car,No injury/unknown,UNSAFE BACKING,10TH & 1319 E 10TH ST,39.176848,-86.478192,"39.176848,-86.478192"
902443111,2015-05-01,Weekend,1200,Moped/Motorcycle,Non-incapacitating,LEFT OF CENTER,HAYS & SR446S,39.04464,-86.407952,"39.04464,-86.407952"
902443167,2015-05-02,Weekday,900,2-Car,No injury/unknown,OTHER (DRIVER) - EXPLAIN IN NARRATIVE,WEST 1ST,39.159344,-86.53237322,"39.159344,-86.53237322"
902443249,2015-05-07,Weekend,1700,2-Car,No injury/unknown,FOLLOWING TOO CLOSELY,S OLD STATE ROAD 37 & W HOBART,39.01368968,-86.54097966,"39.01368968,-86.54097966"
902443250,2015-05-01,Weekday,1900,2-Car,Non-incapacitating,DRIVER DISTRACTED - EXPLAIN IN NARRATIVE,N SKIRVIN & SR45E,39.22681256,-86.43548939,"39.22681256,-86.43548939"
902443286,2015-05-02,Weekday,700,1-Car,No injury/unknown,UNSAFE SPEED,E FENBROOK,39.15850067,-86.47673034,"39.15850067,-86.47673034"
902443306,2015-05-02,Weekday,1100,2-Car,No injury/unknown,UNSAFE BACKING,N FEE,39.175152,-86.518992,"39.175152,-86.518992"
902443308,2015-05-02,Weekday,1200,1-Car,Non-incapacitating,SPEED TOO FAST FOR WEATHER CONDITIONS,DUNN & OLD STATE ROAD 37,39.208048,-86.528704,"39.208048,-86.528704"
902443426,2015-05-02,Weekday,1300,1-Car,Incapacitating,RAN OFF ROAD RIGHT,SR45E & TUNNEL,39.23075611,-86.42494389,"39.23075611,-86.42494389"
902443487,2015-05-02,Weekday,1600,2-Car,No injury/unknown,,S WALNUT,39.137264,-86.529808,"39.137264,-86.529808"
902443521,2015-05-02,Weekday,1300,2-Car,No injury/unknown,IMPROPER PASSING,E 3RD,39.16464,-86.5324,"39.16464,-86.5324"
902443549,2015-05-02,Weekday,1700,2-Car,No injury/unknown,FAILURE TO YIELD RIGHT OF WAY,20TH & DUNN,39.18184,-86.5284,"39.18184,-86.5284"
902443611,2015-05-02,Weekday,2000,2-Car,No injury/unknown,FAILURE TO YIELD RIGHT OF WAY,EAST ATWATER & SOUTH HIGHLAND,39.1632,-86.517584,"39.1632,-86.517584"
902443624,2015-05-02,Weekday,1400,2-Car,No injury/unknown,IMPROPER TURNING,S WALNUT,39.142555,-86.531238,"39.142555,-86.531238"
902443640,2015-05-02,Weekday,1700,2-Car,No injury/unknown,FOLLOWING TOO CLOSELY,SR45W & W JOHN WILLIAMS,39.10108185,-86.64842657,"39.10108185,-86.64842657"
902443641,2015-05-02,Weekday,1700,2-Car,Non-incapacitating,FOLLOWING TOO CLOSELY,SR37S & W 3RD,39.164752,-86.573104,"39.164752,-86.573104"
902443644,2015-05-02,Weekday,1500,2-Car,No injury/unknown,FOLLOWING TOO CLOSELY,E 10TH & SR46,39.17163351,-86.50139055,"39.17163351,-86.50139055"
902443693,2015-05-03,Weekday,300,2-Car,No injury/unknown,UNSAFE SPEED,16TH & LINCOLN,39.17765469,-86.53086645,"39.17765469,-86.53086645"
902443769,2015-05-03,Weekday,700,2-Car,No injury/unknown,FOLLOWING TOO CLOSELY,RIDGEVIEW & SOUTH WALNUT,39.13725255,-86.53143972,"39.13725255,-86.53143972"
902443977,2015-05-03,Weekday,800,2-Car,No injury/unknown,DISREGARD SIGNAL/REG SIGN,PATTERSON & ROGERS,39.15379287,-86.53875256,"39.15379287,-86.53875256"
902444304,2015-05-03,Weekday,1900,Cyclist,Incapacitating,DISREGARD SIGNAL/REG SIGN,4TH & S WALNUT,39.165648,-86.5336,"39.165648,-86.5336"
902444315,2015-05-03,Weekday,500,1-Car,No injury/unknown,RAN OFF ROAD RIGHT,SR37S & VICTOR,39.105552,-86.551104,"39.105552,-86.551104"
902444321,2015-05-03,Weekday,1500,2-Car,No injury/unknown,UNSAFE BACKING,S ROCKPORT,39.165648,-86.505792,"39.165648,-86.505792"
902444437,2015-05-04,Weekday,800,2-Car,No injury/unknown,FAILURE TO YIELD RIGHT OF WAY,ROGERS & WEST KIRKWOOD,39.16660979,-86.53868324,"39.16660979,-86.53868324"
902444456,2015-05-03,Weekday,700,2-Car,No injury/unknown,FAILURE TO YIELD RIGHT OF WAY,RUSSELL & SR45E,39.17763138,-86.48161112,"39.17763138,-86.48161112"
902444540,2015-05-04,Weekday,1200,2-Car,Non-incapacitating,DISREGARD SIGNAL/REG SIGN,SR37 & SR45W,39.148144,-86.572992,"39.148144,-86.572992"
902444813,2015-05-03,Weekday,1600,2-Car,No injury/unknown,FOLLOWING TOO CLOSELY,N CURRY & W PROFILE,39.17196013,-86.58297105,"39.17196013,-86.58297105"
902444814,2015-05-06,Weekday,300,2-Car,No injury/unknown,IMPROPER TURNING,12TH & INDIANA,39.17409344,-86.52707853,"39.17409344,-86.52707853"
902444834,2015-05-06,Weekend,2100,2-Car,No injury/unknown,LEFT OF CENTER,LAKEVIEW,39.22525499,-86.60525511,"39.22525499,-86.60525511"
902444835,2015-05-04,Weekday,2000,1-Car,Incapacitating,OTHER (DRIVER) - EXPLAIN IN NARRATIVE,E CHAMBERS & SR37N,39.30405363,-86.51688615,"39.30405363,-86.51688615"
902444959,2015-05-04,Weekday,1300,1-Car,No injury/unknown,OTHER (DRIVER) - EXPLAIN IN NARRATIVE,OLD STATE ROAD 37 SOUTH & WAYSIDE,39.10917968,-86.53117015,"39.10917968,-86.53117015"
902444996,2015-05-05,Weekday,800,2-Car,No injury/unknown,UNSAFE BACKING,E 10TH,39.17157747,-86.51808392,"39.17157747,-86.51808392"
902445088,2015-05-04,Weekday,1200,Moped/Motorcycle,Incapacitating,FAILURE TO YIELD RIGHT OF WAY,SALE & VINE,39.234384,-86.624064,"39.234384,-86.624064"
902445100,2015-05-05,Weekday,1700,2-Car,No injury/unknown,,EAST THIRD,39.16416496,-86.4952138,"39.16416496,-86.4952138"
902445112,2015-05-05,Weekday,900,2-Car,No injury/unknown,DISREGARD SIGNAL/REG SIGN,N WALNUT & W KIRKWOOD,39.16664,-86.5336,"39.16664,-86.5336"
902445126,2015-05-04,Weekday,1600,2-Car,No injury/unknown,FAILURE TO YIELD RIGHT OF WAY,10TH & LINCOLN,39.171712,-86.530992,"39.171712,-86.530992"
902445136,2015-05-03,Weekday,2000,2-Car,No injury/unknown,DRIVER DISTRACTED - EXPLAIN IN NARRATIVE,RAUBS,39.23007314,-86.635728,"39.23007314,-86.635728"
902445441,2015-05-05,Weekday,2000,2-Car,No injury/unknown,FAILURE TO YIELD RIGHT OF WAY,MILLER & WALNUT,39.146944,-86.532544,"39.146944,-86.532544"
902445442,2015-05-05,Weekday,1800,2-Car,No injury/unknown,FOLLOWING TOO CLOSELY,SR37S & VICTOR,39.10649288,-86.55238793,"39.10649288,-86.55238793"
902445513,2015-05-05,Weekday,2100,1-Car,Incapacitating,RAN OFF ROAD RIGHT,E RHORER & S HARRELL,39.121808,-86.498784,"39.121808,-86.498784"
902445527,2015-05-06,Weekday,100,1-Car,No injury/unknown,ANIMAL/OBJECT IN ROADWAY,WALNUT,39.186368,-86.5344,"39.186368,-86.5344"
902445589,2015-05-06,Weekday,700,2-Car,No injury/unknown,FOLLOWING TOO CLOSELY,S MADISON & W COUNTRY CLUB,39.136048,-86.536992,"39.136048,-86.536992"
902445591,2015-05-04,Weekday,700,2-Car,No injury/unknown,FAILURE TO YIELD RIGHT OF WAY,N SMITH & SR46W,39.210144,-86.5832,"39.210144,-86.5832"
902445622,2015-05-06,Weekday,800,2-Car,No injury/unknown,FOLLOWING TOO CLOSELY,S CORY & W BLOOMFIELD,39.15710002,-86.55969008,"39.15710002,-86.55969008"
902445769,2015-05-06,Weekday,1000,2-Car,No injury/unknown,IMPROPER TURNING,INDIANA & KIRKWOOD,39.16664,-86.52700185,"39.16664,-86.52700185"
902445788,2015-05-06,Weekday,900,1-Car,No injury/unknown,ANIMAL/OBJECT IN ROADWAY,300 N PETE ELLIS & E BRAESIDE,39.168192,-86.49504,"39.168192,-86.49504"
902445818,2015-05-06,Weekday,1200,Bus,No injury/unknown,UNSAFE LANE MOVEMENT,10TH & UNION,39.171472,-86.509376,"39.171472,-86.509376"
902445825,2015-05-06,Weekday,1100,2-Car,No injury/unknown,OTHER (DRIVER) - EXPLAIN IN NARRATIVE,SO COLLEGE MALL,39.1571027,-86.49775855,"39.1571027,-86.49775855"
902445834,2015-05-06,Weekday,1200,2-Car,No injury/unknown,FAILURE TO YIELD RIGHT OF WAY,N KINSER,39.222752,-86.550096,"39.222752,-86.550096"
902445854,2015-05-06,Weekday,1400,2-Car,No injury/unknown,UNSAFE LANE MOVEMENT,STATE RD 45 46 & WALNUT,39.186368,-86.5344,"39.186368,-86.5344"
902445894,2015-05-06,Weekday,1500,2-Car,Incapacitating,UNSAFE SPEED,DUNN & SR37N,39.18363953,-86.5283432,"39.18363953,-86.5283432"
902445895,2015-05-06,Weekday,1400,2-Car,No injury/unknown,UNSAFE BACKING,S LANDMARK,39.16103363,-86.55483245,"39.16103363,-86.55483245"
902445988,2015-05-06,Weekend,1900,2-Car,No injury/unknown,UNSAFE BACKING,E 3RD,39.164272,-86.50177208,"39.164272,-86.50177208"
902445991,2015-05-06,Weekday,1600,3+ Cars,No injury/unknown,BRAKE FAILURE OR DEFECTIVE,E 3RD,39.16424,-86.49259396,"39.16424,-86.49259396"
902446041,2015-05-06,Weekend,2300,2-Car,No injury/unknown,OTHER (DRIVER) - EXPLAIN IN NARRATIVE,4TH & DUNN,39.165648,-86.52793231,"39.165648,-86.52793231"
902446168,2015-05-07,Weekend,900,2-Car,No injury/unknown,FAILURE TO YIELD RIGHT OF WAY,ALLEN & PEACH TREE,39.15592991,-86.55581027,"39.15592991,-86.55581027"
902446248,2015-05-07,Weekend,1300,2-Car,No injury/unknown,FAILURE TO YIELD RIGHT OF WAY,11TH & ROGERS,39.173184,-86.538528,"39.173184,-86.538528"
902446279,2015-05-07,Weekend,1500,2-Car,No injury/unknown,IMPROPER TURNING,3RD & S HIGHLAND,39.16427367,-86.51771488,"39.16427367,-86.51771488"
902446287,2015-05-07,Weekend,1500,2-Car,No injury/unknown,FOLLOWING TOO CLOSELY,SR37S & VERNAL,39.176544,-86.5624,"39.176544,-86.5624"
902446353,2015-05-07,Weekend,1700,1-Car,No injury/unknown,OVERCORRECTING/OVERSTEERING,SR37S & ZIKES,39.04670943,-86.53586743,"39.04670943,-86.53586743"
902446371,2015-05-07,Weekend,1900,2-Car,No injury/unknown,UNSAFE BACKING,S ROCKPORT,39.14144,-86.543632,"39.14144,-86.543632"
902446387,2015-05-07,Weekend,1700,2-Car,No injury/unknown,FOLLOWING TOO CLOSELY,E MOORES & S FENBROOK,39.15022016,-86.48725971,"39.15022016,-86.48725971"
902446398,2015-05-07,Weekend,1900,2-Car,No injury/unknown,IMPROPER TURNING,S WALKER & W 1ST,39.159648,-86.546,"39.159648,-86.546"
902446411,2015-05-07,Weekend,2000,1-Car,No injury/unknown,ANIMAL/OBJECT IN ROADWAY,BOTTOM & SR37N,39.11733209,-86.55792236,"39.11733209,-86.55792236"
902446533,2015-05-01,Weekend,700,1-Car,No injury/unknown,ANIMAL/OBJECT IN ROADWAY,SR37N & TAPP,39.14390618,-86.57297357,"39.14390618,-86.57297357"
902446555,2015-05-06,Weekday,1200,1-Car,No injury/unknown,OTHER (ENVIRONMENTAL) - EXPLAIN IN NARR,S BORUFF & W BOLIN,39.10032973,-86.57021977,"39.10032973,-86.57021977"
902446634,2015-05-06,Weekday,1800,2-Car,No injury/unknown,OTHER (DRIVER) - EXPLAIN IN NARRATIVE,45,39.16424,-86.48664897,"39.16424,-86.48664897"
902446744,2015-05-01,Weekend,300,1-Car,Incapacitating,RAN OFF ROAD RIGHT,E MONROE DAM,39.010368,-86.507216,"39.010368,-86.507216"
902446754,2015-05-07,Weekend,0,2-Car,No injury/unknown,UNSAFE BACKING,8TH & WALNUT,39.169552,-86.533552,"39.169552,-86.533552"
902446793,2015-05-01,Weekday,2300,1-Car,No injury/unknown,RAN OFF ROAD RIGHT,SR37S & TAPP,39.13704,-86.572896,"39.13704,-86.572896"
902446794,2015-05-02,Weekday,0,1-Car,No injury/unknown,ANIMAL/OBJECT IN ROADWAY,FOX HOLLOW & SR37N,39.28536159,-86.52063038,"39.28536159,-86.52063038"
902446944,2015-05-02,Weekday,900,2-Car,No injury/unknown,OTHER (DRIVER) - EXPLAIN IN NARRATIVE,WEST POINTE & WOODHILL,39.1571597,-86.54823454,"39.1571597,-86.54823454"
902446949,2015-05-02,Weekday,600,1-Car,No injury/unknown,ANIMAL/OBJECT IN ROADWAY,RATLIFF & STARNES,39.2168697,-86.65880658,"39.2168697,-86.65880658"
902447037,2015-05-06,Weekday,1500,3+ Cars,No injury/unknown,UNSAFE SPEED,SR45 & STANFORD,39.08984,-86.666304,"39.08984,-86.666304"
902447213,2015-05-02,Weekday,1600,3+ Cars,No injury/unknown,FOLLOWING TOO CLOSELY,7TH & SR46N,39.16713579,-86.49984108,"39.16713579,-86.49984108"
902447267,2015-04-01,Weekend,1700,2-Car,No injury/unknown,UNSAFE BACKING,E 10TH,39.17164591,-86.50199444,"39.17164591,-86.50199444"
902447296,2015-05-02,Weekday,2100,2-Car,No injury/unknown,FAILURE TO YIELD RIGHT OF WAY,ALLENDALE & WINSLOW,39.136096,-86.516,"39.136096,-86.516"
902447379,2015-05-04,Weekday,1600,2-Car,Incapacitating,UNSAFE SPEED,SR37 & TAPP,39.03085178,-86.55490112,"39.03085178,-86.55490112"
902447432,2015-05-02,Weekday,1200,2-Car,No injury/unknown,FAILURE TO YIELD RIGHT OF WAY,LANDMARK & W 3RD,39.16442983,-86.5563068,"39.16442983,-86.5563068"
902447593,2015-05-03,Weekday,900,2-Car,Non-incapacitating,FAILURE TO YIELD RIGHT OF WAY,HINDS & SR45W,39.099152,-86.652,"39.099152,-86.652"
902447624,2015-05-03,Weekday,800,2-Car,No injury/unknown,DISREGARD SIGNAL/REG SIGN,SR37N & VERNAL,39.176544,-86.5624,"39.176544,-86.5624"
902447659,2015-05-03,Weekday,1000,2-Car,No injury/unknown,UNSAFE BACKING,E 10TH,39.171648,-86.50249682,"39.171648,-86.50249682"
902447852,2015-05-01,Weekday,2200,1-Car,No injury/unknown,ANIMAL/OBJECT IN ROADWAY,JOHN WILLIAMS & SR45W,39.10108185,-86.64842657,"39.10108185,-86.64842657"
902447853,2015-05-02,Weekday,1500,1-Car,No injury/unknown,ROADWAY SURFACE CONDITION,CHAPEL HILL & SR446S,39.02923435,-86.40806318,"39.02923435,-86.40806318"
902447955,2015-05-02,Weekday,600,2-Car,No injury/unknown,UNSAFE BACKING,E HILLSIDE,39.170848,-86.503696,"39.170848,-86.503696"
902447989,2015-05-03,Weekday,1500,2-Car,No injury/unknown,UNSAFE BACKING,COMMON & WESTMINSTER,39.13298026,-86.52176029,"39.13298026,-86.52176029"
902448001,2015-05-03,Weekday,1700,2-Car,Non-incapacitating,LEFT OF CENTER,N MADISON & W 17TH,39.178992,-86.537792,"39.178992,-86.537792"
902448098,2015-05-02,Weekday,2200,1-Car,Incapacitating,RAN OFF ROAD RIGHT,SOUTH HANDY,39.09397888,-86.49208068,"39.09397888,-86.49208068"
902448153,2015-05-03,Weekday,1300,2-Car,No injury/unknown,UNSAFE LANE MOVEMENT,3RD & FACULTY,39.164352,-86.52126441,"39.164352,-86.52126441"
902448177,2015-02-02,Weekday,900,1-Car,No injury/unknown,SPEED TOO FAST FOR WEATHER CONDITIONS,SR37 & WAYPORT,39.263024,-86.52264,"39.263024,-86.52264"
902448179,2015-05-03,Weekday,800,3+ Cars,Non-incapacitating,FOLLOWING TOO CLOSELY,SR37 & VERNAL,39.17639627,-86.56260897,"39.17639627,-86.56260897"
902448207,2015-05-03,Weekday,700,2-Car,No injury/unknown,FOLLOWING TOO CLOSELY,BOLIN & VICTOR,39.10024993,-86.55795,"39.10024993,-86.55795"
902448209,2015-05-04,Weekday,700,2-Car,No injury/unknown,UNSAFE LANE MOVEMENT,SMITH & SR46E,39.210144,-86.5832,"39.210144,-86.5832"
902448241,2015-05-04,Weekday,1000,2-Car,No injury/unknown,UNSAFE BACKING,S COLLEGE MALL,39.15357139,-86.4978567,"39.15357139,-86.4978567"
902448433,2015-05-04,Weekday,1200,2-Car,No injury/unknown,DISREGARD SIGNAL/REG SIGN,17TH & DUNN,39.17904,-86.5284,"39.17904,-86.5284"
902448448,2015-05-04,Weekday,1300,2-Car,No injury/unknown,FAILURE TO YIELD RIGHT OF WAY,FULLERTON & SR37S,39.12221146,-86.57353973,"39.12221146,-86.57353973"
902448620,2015-05-04,Weekday,1800,3+ Cars,No injury/unknown,FOLLOWING TOO CLOSELY,E WINSLOW & S WALNUT STREET,39.136144,-86.528688,"39.136144,-86.528688"
902448624,2015-05-04,Weekday,1700,3+ Cars,Non-incapacitating,FAILURE TO YIELD RIGHT OF WAY,GRAHAM & ROGERS,39.13992,-86.538416,"39.13992,-86.538416"
902448648,2015-05-04,Weekday,1400,2-Car,Incapacitating,FAILURE TO YIELD RIGHT OF WAY,N ROGERS & W 8TH,39.169584,-86.538576,"39.169584,-86.538576"
902448725,2015-05-04,Weekday,700,2-Car,No injury/unknown,UNSAFE LANE MOVEMENT,SR37N & VERNAL,39.1807259,-86.55787222,"39.1807259,-86.55787222"
902448732,2015-05-04,Weekday,1000,2-Car,No injury/unknown,IMPROPER TURNING,E 3RD,39.16424,-86.49425989,"39.16424,-86.49425989"
902448745,2015-05-05,Weekday,600,1-Car,No injury/unknown,ANIMAL/OBJECT IN ROADWAY,SOUTH OLD STATE ROAD 37 & SR37S,39.08660818,-86.54353988,"39.08660818,-86.54353988"
902448765,2015-05-04,Weekday,1200,2-Car,No injury/unknown,FOLLOWING TOO CLOSELY,SR37N & VERNAL,39.17469734,-86.56501204,"39.17469734,-86.56501204"
902448780,2015-05-05,Weekday,700,1-Car,No injury/unknown,,1ST & MORTON,39.159472,-86.536272,"39.159472,-86.536272"
902448842,2015-05-04,Weekday,1200,2-Car,No injury/unknown,FAILURE TO YIELD RIGHT OF WAY,CURRY & VERNAL,39.17915985,-86.58308029,"39.17915985,-86.58308029"
902449156,2015-05-03,Weekday,2000,1-Car,Incapacitating,RAN OFF ROAD RIGHT,OLD STATE ROAD 37 & WILEY,39.251296,-86.500832,"39.251296,-86.500832"
902449228,2015-05-02,Weekday,1500,2-Car,Incapacitating,SPEED TOO FAST FOR WEATHER CONDITIONS,CHAPEL & SR446S,39.18135445,-86.40534811,"39.18135445,-86.40534811"
902449487,2015-05-05,Weekday,2200,2-Car,No injury/unknown,UNSAFE BACKING,E 2ND,39.16099191,-86.51598885,"39.16099191,-86.51598885"
902449491,2015-05-05,Weekday,700,2-Car,No injury/unknown,FOLLOWING TOO CLOSELY,SR37 & VERNAL PIKE,39.19513144,-86.56252288,"39.19513144,-86.56252288"
902449496,2015-05-06,Weekday,0,Moped/Motorcycle,Incapacitating,ACCELERATOR FAILURE OR DEFECTIVE,W RAPPEL,39.187683,-86.54618,"39.187683,-86.54618"