Master Record Number,Date,Weekend?,Hour,Collision Type,Injury Type,Primary Factor,Reported_Location,Latitude,Longitude,Location
902449588,2015-05-05,Weekday,100,2-Car,No injury/unknown,FAILURE TO YIELD RIGHT OF WAY,OLD STATE ROAD 37,39.138688,-86.465968,"39.138688,-86.465968"
902449700,2015-05-06,Weekday,1000,2-Car,No injury/unknown,UNSAFE BACKING,DUNN & KIRKWOOD,39.16664,-86.52808615,"39.16664,-86.52808615"
902449804,2015-05-06,Weekday,1300,2-Car,Non-incapacitating,FAILURE TO YIELD RIGHT OF WAY,2ND & WALKER,39.16142978,-86.54614023,"39.16142978,-86.54614023"
902449897,2015-05-06,Weekend,1900,2-Car,Incapacitating,DISREGARD SIGNAL/REG SIGN,2ND & COLLEGE,39.16144,-86.534848,"39.16144,-86.534848"
902449919,2015-05-02,Weekday,1500,2-Car,No injury/unknown,FOLLOWING TOO CLOSELY,S FAIRFAX & S WALNUT STREET,39.10715997,-86.52650982,"39.10715997,-86.52650982"
902449979,2015-05-07,Weekend,100,1-Car,No injury/unknown,ANIMAL/OBJECT IN ROADWAY,E POINTE & POINTE VIEW,39.03492004,-86.50864329,"39.03492004,-86.50864329"
902450078,2015-05-07,Weekend,900,2-Car,No injury/unknown,UNSAFE BACKING,WEST ALLEN,39.155708,-86.548507,"39.155708,-86.548507"
902450108,2015-05-07,Weekend,1200,2-Car,No injury/unknown,FOLLOWING TOO CLOSELY,COUNTRY CLUB & ROCKPORT,39.136448,-86.548704,"39.136448,-86.548704"
902450202,2015-05-07,Weekend,1400,2-Car,No injury/unknown,DRIVER DISTRACTED - EXPLAIN IN NARRATIVE,SR37 & W 3RD,39.164752,-86.573104,"39.164752,-86.573104"
902450355,2015-05-07,Weekend,1300,Pedestrian,Non-incapacitating,PEDESTRIAN ACTION,6TH & GRANT,39.167712,-86.529696,"39.167712,-86.529696"
902450425,2015-05-01,Weekend,700,2-Car,No injury/unknown,OTHER (VEHICLE) - EXPLAIN IN NARRATIVE,COUNTRYSIDE,39.132704,-86.544432,"39.132704,-86.544432"
902450434,2015-05-01,Weekend,1000,2-Car,No injury/unknown,WRONG WAY ON ONE WAY,ATWATER & MITCHELL,39.16308001,-86.5141797,"39.16308001,-86.5141797"
902450463,2015-05-06,Weekday,1600,2-Car,No injury/unknown,FAILURE TO YIELD RIGHT OF WAY,S CURRY & SR45W,39.142048,-86.582592,"39.142048,-86.582592"
902450514,2015-05-01,Weekend,1200,1-Car,Incapacitating,RAN OFF ROAD RIGHT,GROSS & KNIGHTRIDGE,39.12668981,-86.435733,"39.12668981,-86.435733"
902450585,2015-05-07,Weekend,1600,2-Car,No injury/unknown,BRAKE FAILURE OR DEFECTIVE,S LEONARD SPRINGS,39.142048,-86.582592,"39.142048,-86.582592"
902450586,2015-05-01,Weekend,1500,2-Car,No injury/unknown,ENGINE FAILURE OR DEFECTIVE,SR37S & W TAPP,39.13704,-86.572896,"39.13704,-86.572896"
902450713,2015-05-01,Weekend,1200,2-Car,No injury/unknown,UNSAFE BACKING,WEST SR 45,39.161296,-86.589792,"39.161296,-86.589792"
902450842,2015-05-06,Weekend,2000,2-Car,Incapacitating,FAILURE TO YIELD RIGHT OF WAY,SR37S & WEST SMITHVILLE,39.071056,-86.5356,"39.071056,-86.5356"
902450952,2015-05-03,Weekday,100,2-Car,No injury/unknown,UNSAFE BACKING,ALEXANDER & W 11TH,39.173344,-86.549296,"39.173344,-86.549296"
902451071,2015-05-03,Weekday,900,1-Car,No injury/unknown,OTHER (ENVIRONMENTAL) - EXPLAIN IN NARR,N COLLEGE,39.168656,-86.534784,"39.168656,-86.534784"
902451165,2015-05-03,Weekday,800,2-Car,No injury/unknown,FOLLOWING TOO CLOSELY,N OLD SR 37 & N WALNUT,39.20704,-86.534704,"39.20704,-86.534704"
902451187,2015-05-03,Weekday,900,2-Car,Non-incapacitating,FOLLOWING TOO CLOSELY,SMITH & WALNUT,39.17342398,-86.53362974,"39.17342398,-86.53362974"
902451275,2015-05-03,Weekday,900,2-Car,Non-incapacitating,DISREGARD SIGNAL/REG SIGN,CURRY & SR 45,39.142048,-86.582592,"39.142048,-86.582592"
902451287,2015-05-03,Weekday,900,2-Car,No injury/unknown,DISREGARD SIGNAL/REG SIGN,GRIMES & WALNUT,39.15335029,-86.53371021,"39.15335029,-86.53371021"
902451323,2015-05-03,Weekday,900,Bus,No injury/unknown,FAILURE TO YIELD RIGHT OF WAY,LINDBERGH & W 15TH,39.176848,-86.552592,"39.176848,-86.552592"
902451616,2015-05-03,Weekday,1600,2-Car,No injury/unknown,FOLLOWING TOO CLOSELY,EAST 3RD & PARK RIDGE,39.16424,-86.476096,"39.16424,-86.476096"
902451618,2015-05-03,Weekday,2000,2-Car,No injury/unknown,UNSAFE BACKING,E KIRKWOOD,39.16664,-86.52923559,"39.16664,-86.52923559"
902451635,2015-05-03,Weekday,1400,2-Car,No injury/unknown,FOLLOWING TOO CLOSELY,S PATTERSON & W 2ND,39.16074984,-86.54850997,"39.16074984,-86.54850997"
902451690,2015-05-03,Weekday,2200,2-Car,No injury/unknown,DISREGARD SIGNAL/REG SIGN,CAMPBELL & PARK,39.2291797,-86.61852031,"39.2291797,-86.61852031"
902451734,2015-05-01,Weekend,300,2-Car,No injury/unknown,DRIVER DISTRACTED - EXPLAIN IN NARRATIVE,GRANT & SIXTH,39.16753985,-86.52979016,"39.16753985,-86.52979016"
902451845,2015-05-05,Weekday,1700,Moped/Motorcycle,Incapacitating,OVERCORRECTING/OVERSTEERING,DEPOT & SR46W,39.23006821,-86.61717987,"39.23006821,-86.61717987"
902451870,2015-05-03,Weekday,1400,2-Car,Non-incapacitating,FAILURE TO YIELD RIGHT OF WAY,10TH & CAMPBELL,39.17158999,-86.51394031,"39.17158999,-86.51394031"
902451875,2015-05-04,Weekday,900,2-Car,No injury/unknown,FAILURE TO YIELD RIGHT OF WAY,2ND & S WALNUT,39.16144,-86.5336,"39.16144,-86.5336"
902451912,2015-05-04,Weekday,1000,2-Car,No injury/unknown,BRAKE FAILURE OR DEFECTIVE,SR45E & SR46E,39.171648,-86.502096,"39.171648,-86.502096"
902452043,2015-05-06,Weekday,800,2-Car,No injury/unknown,FAILURE TO YIELD RIGHT OF WAY,PAUL & SR46W,39.229904,-86.619136,"39.229904,-86.619136"
902452142,2015-05-04,Weekday,1600,2-Car,Non-incapacitating,FOLLOWING TOO CLOSELY,S MADISON & W 2ND,39.161488,-86.537296,"39.161488,-86.537296"
902452144,2015-05-01,Weekday,2200,2-Car,No injury/unknown,FOLLOWING TOO CLOSELY,SR37N & WAYPORT,39.263024,-86.52264,"39.263024,-86.52264"
902452263,2015-05-05,Weekday,0,1-Car,No injury/unknown,ANIMAL/OBJECT IN ROADWAY,611 CHURCH & ROGERS,39.10738864,-86.54138997,"39.10738864,-86.54138997"
902452352,2015-05-05,Weekday,700,2-Car,No injury/unknown,FAILURE TO YIELD RIGHT OF WAY,3RD & CLARIZZ,39.16424,-86.49115281,"39.16424,-86.49115281"
902452445,2015-05-05,Weekday,700,1-Car,No injury/unknown,DRIVER DISTRACTED - EXPLAIN IN NARRATIVE,SOUTH COLLEGE,39.16115717,-86.53485253,"39.16115717,-86.53485253"
902452446,2015-05-05,Weekday,700,Cyclist,Incapacitating,FAILURE TO YIELD RIGHT OF WAY,N KINSER & W PARRISH,39.188144,-86.5376,"39.188144,-86.5376"
902452473,2015-05-05,Weekday,900,1-Car,No injury/unknown,IMPROPER TURNING,WOODSCREST,39.16260391,-86.50236256,"39.16260391,-86.50236256"
902452616,2015-05-05,Weekday,1200,2-Car,No injury/unknown,FOLLOWING TOO CLOSELY,EAST 10TH & INDIANA,39.17168,-86.527024,"39.17168,-86.527024"
902452620,2015-05-05,Weekday,1200,2-Car,No injury/unknown,FAILURE TO YIELD RIGHT OF WAY,COTTAGE GROVE & FORREST,39.17252004,-86.5224,"39.17252004,-86.5224"
902452630,2015-05-05,Weekday,1100,2-Car,No injury/unknown,OTHER (DRIVER) - EXPLAIN IN NARRATIVE,E 3RD & KINGSTON,39.16424,-86.492944,"39.16424,-86.492944"
902452704,2015-05-05,Weekday,1200,2-Car,No injury/unknown,UNSAFE BACKING,1201 E 3RD EAST SERVICE & 3RD,39.164448,-86.471888,"39.164448,-86.471888"
902452714,2015-05-05,Weekday,1300,2-Car,No injury/unknown,IMPROPER LANE USAGE,PETE ELLIS & SR46E,39.16424,-86.49455879,"39.16424,-86.49455879"
902452831,2015-05-04,Weekday,700,1-Car,No injury/unknown,ANIMAL/OBJECT IN ROADWAY,E SMITHVILLE & S FIDLER,39.0710903,-86.50876515,"39.0710903,-86.50876515"
902452872,2015-05-05,Weekday,2000,2-Car,No injury/unknown,OTHER (DRIVER) - EXPLAIN IN NARRATIVE,DUNN & KIRKWOOD,39.16664,-86.52925047,"39.16664,-86.52925047"
902452873,2015-05-05,Weekday,1400,2-Car,No injury/unknown,IMPROPER TURNING,10TH & COLLEGE,39.171744,-86.534768,"39.171744,-86.534768"
902452896,2015-05-05,Weekday,1600,2-Car,No injury/unknown,FAILURE TO YIELD RIGHT OF WAY,E HILLSIDE & S WASHINGTON,39.15056,-86.5324,"39.15056,-86.5324"
902452901,2015-05-05,Weekday,1600,2-Car,Non-incapacitating,DISREGARD SIGNAL/REG SIGN,E 6TH & N WALNUT,39.167648,-86.533584,"39.167648,-86.533584"
902452955,2015-05-05,Weekday,2300,1-Car,No injury/unknown,IMPROPER TURNING,WOODSCREST,39.16260391,-86.50236256,"39.16260391,-86.50236256"
902452971,2015-05-05,Weekday,2200,2-Car,No injury/unknown,FOLLOWING TOO CLOSELY,45 46 BYPASS & WALNUT,39.18637969,-86.53453968,"39.18637969,-86.53453968"
902491808,2015-07-06,Weekday,900,2-Car,No injury/unknown,FAILURE TO YIELD RIGHT OF WAY,3RD & GRANT,39.16464,-86.529728,"39.16464,-86.529728"
902491888,2015-07-06,Weekday,1000,2-Car,No injury/unknown,DRIVER DISTRACTED - EXPLAIN IN NARRATIVE,LAKE VIEW & SR46W,39.22571945,-86.60507861,"39.22571945,-86.60507861"
902491899,2015-07-06,Weekday,1000,2-Car,No injury/unknown,DISREGARD SIGNAL/REG SIGN,3RD & WALNUT,39.16464,-86.5336,"39.16464,-86.5336"
902492137,2015-07-04,Weekday,800,2-Car,No injury/unknown,DRIVER DISTRACTED - EXPLAIN IN NARRATIVE,ARLINGTON & SR46W,39.20909594,-86.58159662,"39.20909594,-86.58159662"
902492138,2015-07-04,Weekday,1200,2-Car,Non-incapacitating,DRIVER ILLNESS,BOTTOM & SR37N,39.28170383,-86.55792236,"39.28170383,-86.55792236"
902492140,2015-07-05,Weekday,1700,2-Car,No injury/unknown,FOLLOWING TOO CLOSELY,ACUFF & SR37N,39.20824,-86.554704,"39.20824,-86.554704"
902492254,2015-07-06,Weekday,1300,2-Car,No injury/unknown,UNSAFE BACKING,E 10TH,39.171504,-86.49504533,"39.171504,-86.49504533"
902492276,2015-07-06,Weekday,1700,2-Car,No injury/unknown,FAILURE TO YIELD RIGHT OF WAY,N FAIRVIEW & W 11TH,39.173152,-86.5408,"39.173152,-86.5408"
902492352,2015-07-06,Weekday,1700,2-Car,No injury/unknown,UNSAFE BACKING,E VARSITY,39.183132,-86.531143,"39.183132,-86.531143"
902492362,2015-07-06,Weekend,1900,2-Car,No injury/unknown,FOLLOWING TOO CLOSELY,LEONARD SPRINGS & TAPP,39.13704,-86.582512,"39.13704,-86.582512"
902492368,2015-07-06,Weekend,2000,2-Car,Non-incapacitating,DISREGARD SIGNAL/REG SIGN,SR37 & WEST 3RD,39.164752,-86.573104,"39.164752,-86.573104"
902492435,2015-08-07,Weekend,300,1-Car,No injury/unknown,ANIMAL/OBJECT IN ROADWAY,DILLMAN & OLD STATE ROAD 37,39.092944,-86.544,"39.092944,-86.544"
902492510,2015-08-07,Weekend,900,2-Car,No injury/unknown,FOLLOWING TOO CLOSELY,SR37N & VERNAL,39.176544,-86.5624,"39.176544,-86.5624"
902492516,2015-07-06,Weekday,1200,2-Car,No injury/unknown,FAILURE TO YIELD RIGHT OF WAY,W 2ND,39.16144727,-86.53510982,"39.16144727,-86.53510982"
902492524,2015-07-05,Weekday,2200,Moped/Motorcycle,Non-incapacitating,ROADWAY SURFACE CONDITION,SOUTH OLD STATE ROAD 37 & SR37,39.08590789,-86.54269661,"39.08590789,-86.54269661"
902492538,2015-08-07,Weekend,1200,2-Car,No injury/unknown,,MULLER,39.16180998,-86.56743228,"39.16180998,-86.56743228"
902492570,2015-08-07,Weekend,1300,2-Car,No injury/unknown,IMPROPER TURNING,N COLLEGE & W 10TH,39.171744,-86.534768,"39.171744,-86.534768"
902492579,2015-08-07,Weekend,1300,2-Car,No injury/unknown,UNSAFE LANE MOVEMENT,E 3RD & S COLLEGE MALL,39.16424,-86.4984,"39.16424,-86.4984"
902492592,2015-07-05,Weekday,1600,2-Car,No injury/unknown,FAILURE TO YIELD RIGHT OF WAY,RIDGEWAY & SR46W,39.24266815,-86.61257171,"39.24266815,-86.61257171"
902492698,2015-08-07,Weekend,1800,3+ Cars,Non-incapacitating,FOLLOWING TOO CLOSELY,SR37S & W VERNAL,39.17662048,-86.56252288,"39.17662048,-86.56252288"
902492778,2015-08-01,Weekend,300,1-Car,No injury/unknown,RAN OFF ROAD RIGHT,4310 LEONARD SPRINGS & HORNED OWL,39.123908,-86.586418,"39.123908,-86.586418"
902492878,2015-08-07,Weekend,900,1-Car,No injury/unknown,ANIMAL/OBJECT IN ROADWAY,OLD STATE ROAD 37 & PRAIRIE,39.22182884,-86.51295095,"39.22182884,-86.51295095"
902492880,2015-08-01,Weekend,1000,2-Car,No injury/unknown,OTHER (ENVIRONMENTAL) - EXPLAIN IN NARR,ANDY & NATASHA,39.20144968,-86.58831998,"39.20144968,-86.58831998"
902492886,2015-08-01,Weekend,700,1-Car,No injury/unknown,RAN OFF ROAD RIGHT,37 & DEPOT HILL,39.01436996,-86.53695699,"39.01436996,-86.53695699"
902492905,2015-08-01,Weekend,1300,2-Car,Non-incapacitating,DISREGARD SIGNAL/REG SIGN,S ROGERS & W 2ND,39.16140027,-86.53867028,"39.16140027,-86.53867028"
902492942,2015-07-07,Weekend,2200,2-Car,No injury/unknown,FAILURE TO YIELD RIGHT OF WAY,PAYNETOWN STATE RECREATION & SR446S,39.092112,-86.422832,"39.092112,-86.422832"
902492976,2015-08-01,Weekend,1500,2-Car,Non-incapacitating,FOLLOWING TOO CLOSELY,MATTHEWS & SR46W,39.23486597,-86.62650775,"39.23486597,-86.62650775"
902493088,2015-08-07,Weekend,1500,2-Car,No injury/unknown,UNSAFE BACKING,S LEONARD SPRINGS,39.14187494,-86.58259037,"39.14187494,-86.58259037"
902493089,2015-07-05,Weekday,2200,1-Car,No injury/unknown,UNSAFE SPEED,SOUTH RENDY & WEST ELLER,39.122208,-86.615792,"39.122208,-86.615792"
902493090,2015-07-03,Weekday,1700,2-Car,No injury/unknown,FAILURE TO YIELD RIGHT OF WAY,LEONARD SPRINGS & WALNUT LEAF,39.14072278,-86.5825795,"39.14072278,-86.5825795"
902493091,2015-07-05,Weekday,1500,2-Car,No injury/unknown,UNSAFE BACKING,MOFFETT & ORNAMENTAL,39.09497964,-86.50345019,"39.09497964,-86.50345019"
902493093,2015-08-07,Weekend,1400,Pedestrian,No injury/unknown,OTHER (VEHICLE) - EXPLAIN IN NARRATIVE,W AIRPORT,39.136848,-86.606,"39.136848,-86.606"
902493135,2015-08-01,Weekday,2200,1-Car,Incapacitating,RAN OFF ROAD RIGHT,EAST BOLTINGHOUSE,39.22621155,-86.47346496,"39.22621155,-86.47346496"
902493439,2015-08-02,Weekday,1200,2-Car,No injury/unknown,OTHER (DRIVER) - EXPLAIN IN NARRATIVE,S LIBERTY & W 3RD,39.16461021,-86.57913006,"39.16461021,-86.57913006"
902493516,2015-08-02,Weekday,600,1-Car,No injury/unknown,ANIMAL/OBJECT IN ROADWAY,GORE & OLD STATE ROAD 37,39.032544,-86.541696,"39.032544,-86.541696"
902493546,2015-08-02,Weekday,1300,1-Car,No injury/unknown,OTHER (DRIVER) - EXPLAIN IN NARRATIVE,1600 N FEE (PLAZA) & FEE,39.171584,-86.518688,"39.171584,-86.518688"
902493818,2015-08-01,Weekend,0,2-Car,No injury/unknown,,S COBBLE CREEK,39.15320206,-86.48282623,"39.15320206,-86.48282623"
902493903,2015-08-02,Weekday,1600,2-Car,Non-incapacitating,FAILURE TO YIELD RIGHT OF WAY,HILLSIDE & WALNUT,39.15051989,-86.53366997,"39.15051989,-86.53366997"
902493910,2015-08-02,Weekday,1300,2-Car,No injury/unknown,IMPROPER LANE USAGE,S COLLEGE & W 4TH,39.16558988,-86.53488971,"39.16558988,-86.53488971"
902493923,2015-08-02,Weekday,2000,1-Car,Non-incapacitating,ANIMAL/OBJECT IN ROADWAY,SR37N & WALNUT,39.250688,-86.529744,"39.250688,-86.529744"
902493983,2015-08-01,Weekday,1900,1-Car,Non-incapacitating,RAN OFF ROAD RIGHT,REEVES & TERRY,39.231312,-86.637488,"39.231312,-86.637488"
902493994,2015-08-01,Weekday,2300,1-Car,Non-incapacitating,RAN OFF ROAD RIGHT,E MONROE DAM,39.010368,-86.507216,"39.010368,-86.507216"
902494027,2015-07-06,Weekend,2100,2-Car,No injury/unknown,FAILURE TO YIELD RIGHT OF WAY,KIRKWOOD & WALNUT,39.16664,-86.5336,"39.16664,-86.5336"
902494036,2015-08-02,Weekday,2300,1-Car,No injury/unknown,DISREGARD SIGNAL/REG SIGN,7TH & ADAMS,39.168576,-86.5496,"39.168576,-86.5496"
902494195,2015-07-01,Weekend,1300,1-Car,No injury/unknown,RAN OFF ROAD RIGHT,MAPLE GROVE,39.24498749,-86.63020324,"39.24498749,-86.63020324"
902494347,2015-08-02,Weekday,1900,2-Car,No injury/unknown,FAILURE TO YIELD RIGHT OF WAY,SOUTH MADISON & WEST KIRKWOOD,39.166656,-86.537296,"39.166656,-86.537296"
902494535,2015-08-02,Weekday,900,2-Car,No injury/unknown,FOLLOWING TOO CLOSELY,ARLINGTON & SR46,39.187184,-86.551408,"39.187184,-86.551408"
902494609,2015-08-03,Weekday,1400,2-Car,Non-incapacitating,FOLLOWING TOO CLOSELY,BLOOMFIELD & STONE,39.15317955,-86.56602949,"39.15317955,-86.56602949"
902494754,2015-08-04,Weekday,300,1-Car,No injury/unknown,RAN OFF ROAD RIGHT,NORTH OAK & WEST KIRKWOOD,39.166784,-86.5468,"39.166784,-86.5468"
902494892,2015-08-04,Weekday,800,2-Car,No injury/unknown,OTHER (DRIVER) - EXPLAIN IN NARRATIVE,45,39.16424,-86.49268147,"39.16424,-86.49268147"
902495064,2015-08-03,Weekday,1500,2-Car,Non-incapacitating,DISREGARD SIGNAL/REG SIGN,OLD 37 & W CHURCH,39.10725988,-86.53149001,"39.10725988,-86.53149001"
902495210,2015-08-04,Weekday,1500,Bus,No injury/unknown,UNSAFE BACKING,CUSTER & TECUMSEH,39.221952,-86.626352,"39.221952,-86.626352"
902495211,2015-08-04,Weekday,1600,2-Car,No injury/unknown,IMPROPER TURNING,LOUDEN & REEVES,39.231344,-86.640096,"39.231344,-86.640096"
902495263,2015-08-02,Weekday,2300,2-Car,No injury/unknown,OTHER (VEHICLE) - EXPLAIN IN NARRATIVE,WAYPORT,39.26361084,-86.5217514,"39.26361084,-86.5217514"
902503983,2015-08-05,Weekday,1700,2-Car,No injury/unknown,IMPROPER TURNING,E 10TH,39.17149326,-86.51131082,"39.17149326,-86.51131082"
902504012,2015-08-05,Weekday,1700,2-Car,No injury/unknown,IMPROPER TURNING,E 9TH & N COLLEGE,39.17045112,-86.53484836,"39.17045112,-86.53484836"
902504147,2015-08-04,Weekday,1200,2-Car,No injury/unknown,IMPROPER TURNING,E 3RD,39.16456,-86.5550845,"39.16456,-86.5550845"
902504159,2015-08-05,Weekday,1100,2-Car,No injury/unknown,OTHER (DRIVER) - EXPLAIN IN NARRATIVE,SOUTH WALNUT,39.13432546,-86.52733091,"39.13432546,-86.52733091"
902504182,2015-08-04,Weekday,700,2-Car,No injury/unknown,FAILURE TO YIELD RIGHT OF WAY,THAT & VICTOR,39.11464,-86.5464,"39.11464,-86.5464"
902504183,2015-08-05,Weekday,800,2-Car,No injury/unknown,FAILURE TO YIELD RIGHT OF WAY,N MATTHEWS & W MAPLE GROVE,39.245408,-86.6204,"39.245408,-86.6204"
902504204,2015-08-06,Weekday,900,1-Car,No injury/unknown,OTHER (DRIVER) - EXPLAIN IN NARRATIVE,W 3RD ST,39.16424,-86.4908,"39.16424,-86.4908"
902504208,2015-07-07,Weekend,1000,2-Car,Non-incapacitating,DISREGARD SIGNAL/REG SIGN,COLLEGE & KIRKWOOD,39.16664,-86.5348,"39.16664,-86.5348"
902504223,2015-08-06,Weekday,900,Cyclist,Incapacitating,FAILURE TO YIELD RIGHT OF WAY,298 W COUNTRY CLUB & S MADISON,39.136524,-86.53554796,"39.136524,-86.53554796"
902504233,2015-08-06,Weekday,900,2-Car,No injury/unknown,OTHER (DRIVER) - EXPLAIN IN NARRATIVE,EAST 3RD,39.16464,-86.569392,"39.16464,-86.569392"
902504329,2015-08-06,Weekday,1100,2-Car,No injury/unknown,UNSAFE LANE MOVEMENT,E 13TH,39.17528947,-86.52226906,"39.17528947,-86.52226906"
902504335,2015-08-06,Weekday,800,2-Car,No injury/unknown,FAILURE TO YIELD RIGHT OF WAY,W 15TH,39.176848,-86.552592,"39.176848,-86.552592"
902504344,2015-08-06,Weekday,200,2-Car,No injury/unknown,,VARSITY,39.18330765,-86.52940368,"39.18330765,-86.52940368"
902504365,2015-08-06,Weekday,1300,2-Car,No injury/unknown,IMPROPER PASSING,E 3RD & OVERHILL,39.164272,-86.501488,"39.164272,-86.501488"
902504376,2015-08-06,Weekday,1100,2-Car,Incapacitating,FOLLOWING TOO CLOSELY,E 3RD & SO JEFFERSON,39.164304,-86.506992,"39.164304,-86.506992"
902504429,2015-08-06,Weekday,1400,2-Car,Incapacitating,FAILURE TO YIELD RIGHT OF WAY,3RD & GRANT,39.16464,-86.529728,"39.16464,-86.529728"
902504443,2015-08-06,Weekday,1500,2-Car,No injury/unknown,FOLLOWING TOO CLOSELY,ATWATER & FESS,39.163328,-86.525808,"39.163328,-86.525808"
902504579,2015-08-06,Weekday,1700,3+ Cars,No injury/unknown,FOLLOWING TOO CLOSELY,SOUTH HICKORY LEAF & SR45W,39.145152,-86.5776,"39.145152,-86.5776"
902504603,2015-08-06,Weekday,1700,2-Car,Non-incapacitating,FOLLOWING TOO CLOSELY,E 3RD & SOUTH COLLEGE MALL,39.16424,-86.4984,"39.16424,-86.4984"
902504613,2015-08-04,Weekday,1400,2-Car,No injury/unknown,UNSAFE BACKING,W FULLERTON,39.123376,-86.58224,"39.123376,-86.58224"
902504614,2015-08-04,Weekday,1900,1-Car,Non-incapacitating,RAN OFF ROAD RIGHT,LEISURE & S FAIRFAX,39.07247968,-86.50356017,"39.07247968,-86.50356017"
902504615,2015-08-05,Weekday,1600,2-Car,No injury/unknown,,S LEONARD SPRINGS & SR45W,39.14145928,-86.58418054,"39.14145928,-86.58418054"
902504619,2015-08-06,Weekday,1300,1-Car,No injury/unknown,RAN OFF ROAD RIGHT,HIGH & ROGERS,39.13642257,-86.50816967,"39.13642257,-86.50816967"
902504639,2015-08-05,Weekday,1600,1-Car,No injury/unknown,IMPROPER TURNING,S WALNUT,39.15422171,-86.5336,"39.15422171,-86.5336"
902504667,2015-08-06,Weekend,2300,2-Car,No injury/unknown,IMPROPER TURNING,INDIANA & KIRKWOOD,39.16691459,-86.52690396,"39.16691459,-86.52690396"
902504673,2015-08-07,Weekend,300,2-Car,No injury/unknown,FAILURE TO YIELD RIGHT OF WAY,3RD & GRANT,39.16464,-86.529728,"39.16464,-86.529728"
902504684,2015-08-06,Weekend,2200,2-Car,No injury/unknown,OTHER (DRIVER) - EXPLAIN IN NARRATIVE,EAST 3RD,39.164752,-86.573104,"39.164752,-86.573104"
902504686,2015-08-06,Weekday,1200,Bus,No injury/unknown,OTHER (DRIVER) - EXPLAIN IN NARRATIVE,E 3RD & S COLLEGE MALL,39.16424,-86.4984,"39.16424,-86.4984"
902504709,2015-08-06,Weekday,1200,2-Car,Non-incapacitating,FAILURE TO YIELD RIGHT OF WAY,17TH & COLLEGE,39.17874028,-86.53472169,"39.17874028,-86.53472169"
902504744,2015-08-07,Weekend,1000,2-Car,No injury/unknown,UNSAFE LANE MOVEMENT,N WALNUT & W 9TH,39.170544,-86.533536,"39.170544,-86.533536"
902504760,2015-08-07,Weekend,1200,2-Car,No injury/unknown,FAILURE TO YIELD RIGHT OF WAY,NORTH & S HENDERSON,39.144848,-86.526848,"39.144848,-86.526848"
902504770,2015-08-06,Weekday,1700,2-Car,No injury/unknown,FOLLOWING TOO CLOSELY,SR4546E & WALNUT,39.186368,-86.5344,"39.186368,-86.5344"
902504861,2015-08-07,Weekend,1700,3+ Cars,No injury/unknown,FOLLOWING TOO CLOSELY,3RD & WOODLAWN,39.16438903,-86.52382592,"39.16438903,-86.52382592"
902504879,2015-08-07,Weekend,1800,2-Car,No injury/unknown,UNSAFE BACKING,S WALNUT,39.170544,-86.533536,"39.170544,-86.533536"
902504907,2015-08-07,Weekend,1700,2-Car,No injury/unknown,FAILURE TO YIELD RIGHT OF WAY,1609 S ROGERS & HILLSIDE,39.15064,-86.538592,"39.15064,-86.538592"
902504908,2015-08-06,Weekend,2200,2-Car,No injury/unknown,FAILURE TO YIELD RIGHT OF WAY,E 17TH & N DUNN,39.17904,-86.5284,"39.17904,-86.5284"
902504945,2015-08-07,Weekend,2300,2-Car,No injury/unknown,FAILURE TO YIELD RIGHT OF WAY,3RD & WASHINGTON,39.16464,-86.5324,"39.16464,-86.5324"
902504952,2015-08-07,Weekend,2200,Pedestrian,Non-incapacitating,PEDESTRIAN ACTION,NORTH WALNUT,39.18354797,-86.53302764,"39.18354797,-86.53302764"
902505057,2015-08-07,Weekend,1000,2-Car,No injury/unknown,FOLLOWING TOO CLOSELY,OLD SR 37 & WALNUT,39.20704,-86.534704,"39.20704,-86.534704"
902505058,2015-08-01,Weekend,1200,2-Car,No injury/unknown,UNSAFE BACKING,S WALNUT,39.13736,-86.529904,"39.13736,-86.529904"
902505059,2015-08-01,Weekend,900,Cyclist,Incapacitating,FAILURE TO YIELD RIGHT OF WAY,HILLSIDE & NANCY,39.150544,-86.511088,"39.150544,-86.511088"
902452977,2015-05-04,Weekday,600,1-Car,No injury/unknown,ANIMAL/OBJECT IN ROADWAY,HINDS & SR45W,39.09640983,-86.6577342,"39.09640983,-86.6577342"
902453029,2015-05-05,Weekday,800,2-Car,No injury/unknown,FOLLOWING TOO CLOSELY,GRAND & PROFILE,39.16658968,-86.59259006,"39.16658968,-86.59259006"
902453030,2015-05-05,Weekday,1200,2-Car,Incapacitating,FAILURE TO YIELD RIGHT OF WAY,SMITHVILLE & SR37S,39.16424,-86.480688,"39.16424,-86.480688"
902453031,2015-05-05,Weekday,1400,2-Car,Non-incapacitating,FOLLOWING TOO CLOSELY,OLD STATE ROAD 37 & ROGERS,39.06392008,-86.54097028,"39.06392008,-86.54097028"