Master Record Number,Date,Weekend?,Hour,Collision Type,Injury Type,Primary Factor,Reported_Location,Latitude,Longitude,Location
902501974,2015-08-02,Weekday,1500,3+ Cars,Non-incapacitating,FOLLOWING TOO CLOSELY,S CORY & W 3RD,39.164544,-86.560096,"39.164544,-86.560096"
902501989,2015-08-07,Weekend,1300,2-Car,No injury/unknown,OVERCORRECTING/OVERSTEERING,N MORTON,39.16786971,-86.536,"39.16786971,-86.536"
902502011,2015-08-02,Weekday,1600,2-Car,Non-incapacitating,FAILURE TO YIELD RIGHT OF WAY,17TH & ARLINGTON PARK,39.17911023,-86.5540903,"39.17911023,-86.5540903"
902502033,2015-08-02,Weekday,1700,2-Car,Non-incapacitating,FOLLOWING TOO CLOSELY,BLOOMFIELD & OAKDALE,39.1487068,-86.57121991,"39.1487068,-86.57121991"
902502080,2015-08-02,Weekday,300,1-Car,No injury/unknown,RAN OFF ROAD RIGHT,JOHN YOUNG & SHILO,39.26518382,-86.43351561,"39.26518382,-86.43351561"
902502090,2015-08-02,Weekday,2200,3+ Cars,No injury/unknown,IMPROPER TURNING,EAST 3RD & SOUTH BALLANTINE,39.16427024,-86.51912972,"39.16427024,-86.51912972"
902502148,2015-08-06,Weekday,900,2-Car,No injury/unknown,OTHER (DRIVER) - EXPLAIN IN NARRATIVE,3RD & WALNUT,39.16464,-86.5336,"39.16464,-86.5336"
902502280,2015-08-05,Weekday,800,2-Car,No injury/unknown,DISREGARD SIGNAL/REG SIGN,HARTSTRAIT & VERNAL,39.18676995,-86.6112703,"39.18676995,-86.6112703"
902502281,2015-08-05,Weekday,1100,2-Car,No injury/unknown,FAILURE TO YIELD RIGHT OF WAY,SIMPSON CHAPEL & SR37N,39.280496,-86.522864,"39.280496,-86.522864"
902502524,2015-08-03,Weekday,1600,2-Car,No injury/unknown,FOLLOWING TOO CLOSELY,CONSTITUTION & LIBERTY,39.149552,-86.575936,"39.149552,-86.575936"
902502697,2015-08-02,Weekday,500,2-Car,No injury/unknown,FOLLOWING TOO CLOSELY,ISON & SR45W,39.10810089,-86.63700103,"39.10810089,-86.63700103"
902502698,2015-08-04,Weekday,0,1-Car,No injury/unknown,RAN OFF ROAD RIGHT,PINEHURST & SOUTHER PINES,39.13851969,-86.54742971,"39.13851969,-86.54742971"
902502993,2015-08-04,Weekday,1300,2-Car,No injury/unknown,IMPROPER TURNING,E KIRKWOOD,39.16678078,-86.52203053,"39.16678078,-86.52203053"
902503132,2015-08-02,Weekday,1500,2-Car,No injury/unknown,SPEED TOO FAST FOR WEATHER CONDITIONS,SR37S & W FULLERTON,39.122352,-86.5712,"39.122352,-86.5712"
902503275,2015-08-04,Weekday,1500,1-Car,No injury/unknown,UNSAFE BACKING,E 7TH,39.168144,-86.510992,"39.168144,-86.510992"
902503312,2015-08-04,Weekday,1300,2-Car,Non-incapacitating,UNSAFE LANE MOVEMENT,N WALNUT & W 14TH,39.175952,-86.53344,"39.175952,-86.53344"
902503316,2015-08-04,Weekday,1600,2-Car,No injury/unknown,UNSAFE BACKING,E 13TH,39.17521746,-86.52061527,"39.17521746,-86.52061527"
902503325,2015-08-04,Weekday,1600,2-Car,No injury/unknown,FAILURE TO YIELD RIGHT OF WAY,7TH & UNION,39.16816257,-86.51001745,"39.16816257,-86.51001745"
902503379,2015-08-04,Weekday,1900,2-Car,No injury/unknown,UNSAFE SPEED,10TH & SR4546,39.176848,-86.478192,"39.176848,-86.478192"
902503387,2015-08-04,Weekday,2000,2-Car,No injury/unknown,UNSAFE BACKING,EAST 7TH,39.168752,-86.5436,"39.168752,-86.5436"
902503398,2015-08-04,Weekday,1900,2-Car,No injury/unknown,FAILURE TO YIELD RIGHT OF WAY,ATWATER & INDIANA,39.16323021,-86.52783013,"39.16323021,-86.52783013"
902503404,2015-08-04,Weekday,1700,2-Car,Non-incapacitating,FAILURE TO YIELD RIGHT OF WAY,PROFILE & SR48W,39.1647376,-86.5925978,"39.1647376,-86.5925978"
902503413,2015-08-04,Weekday,1400,2-Car,Non-incapacitating,FOLLOWING TOO CLOSELY,SR37 & WEST 3RD,39.164752,-86.573104,"39.164752,-86.573104"
902503445,2015-08-04,Weekday,2300,2-Car,Non-incapacitating,OTHER (DRIVER) - EXPLAIN IN NARRATIVE,S WALNUT,39.16037061,-86.5336,"39.16037061,-86.5336"
902503495,2015-08-03,Weekday,2000,Moped/Motorcycle,Non-incapacitating,RAN OFF ROAD RIGHT,FAIRFAX & THIRD,39.1858669,-86.51451028,"39.1858669,-86.51451028"
902503502,2015-08-04,Weekday,1200,2-Car,No injury/unknown,FAILURE TO YIELD RIGHT OF WAY,13TH & WALNUT,39.175232,-86.520976,"39.175232,-86.520976"
902503597,2015-08-05,Weekday,600,3+ Cars,Incapacitating,LEFT OF CENTER,SR46W & W FLATWOOD,39.25254059,-86.67625151,"39.25254059,-86.67625151"
902503645,2015-08-04,Weekday,1300,2-Car,No injury/unknown,UNSAFE BACKING,N MORTON & W 7TH,39.168672,-86.536,"39.168672,-86.536"
902503662,2015-08-05,Weekday,1100,2-Car,No injury/unknown,OTHER (DRIVER) - EXPLAIN IN NARRATIVE,SR37 & SR45W,39.148144,-86.572992,"39.148144,-86.572992"
902503663,2015-08-05,Weekday,1100,2-Car,No injury/unknown,FAILURE TO YIELD RIGHT OF WAY,3RD & WESTPLEX,39.16440971,-86.55389986,"39.16440971,-86.55389986"
902503681,2015-08-05,Weekday,1200,2-Car,No injury/unknown,UNSAFE BACKING,N UNION,39.172144,-86.509392,"39.172144,-86.509392"
902503751,2015-08-05,Weekday,1200,2-Car,No injury/unknown,FOLLOWING TOO CLOSELY,E 3RD & SR46S,39.16424,-86.473296,"39.16424,-86.473296"
902503894,2015-08-05,Weekday,1500,2-Car,No injury/unknown,FAILURE TO YIELD RIGHT OF WAY,S WALNUT,39.142555,-86.531238,"39.142555,-86.531238"
902503974,2015-08-05,Weekday,1500,2-Car,Non-incapacitating,LEFT OF CENTER,FEE & N JORDAN,39.18384,-86.5192,"39.18384,-86.5192"
902505079,2015-08-01,Weekend,1100,2-Car,No injury/unknown,OTHER (DRIVER) - EXPLAIN IN NARRATIVE,SR46W & UNION VALLEY,39.215152,-86.5928,"39.215152,-86.5928"
902505094,2015-08-01,Weekend,1300,2-Car,No injury/unknown,OTHER (VEHICLE) - EXPLAIN IN NARRATIVE,E 3RD,39.16464,-86.56913891,"39.16464,-86.56913891"
902505111,2015-08-07,Weekend,1500,3+ Cars,Incapacitating,IMPROPER TURNING,SAMPLE & SR37N,39.26670898,-86.52277632,"39.26670898,-86.52277632"
902505316,2015-08-01,Weekend,1700,Cyclist,Incapacitating,OTHER (DRIVER) - EXPLAIN IN NARRATIVE,3RD & ROSE,39.164352,-86.510944,"39.164352,-86.510944"
902505339,2015-08-01,Weekend,1800,2-Car,Incapacitating,FOLLOWING TOO CLOSELY,SR4546W & WALNUT,39.186368,-86.5344,"39.186368,-86.5344"
902505354,2015-08-07,Weekend,1800,2-Car,No injury/unknown,FOLLOWING TOO CLOSELY,BURMA & SR37N,39.314272,-86.511552,"39.314272,-86.511552"
902505501,2015-08-07,Weekend,900,2-Car,No injury/unknown,UNSAFE BACKING,BELLE & HICKORY,39.16344,-86.58584,"39.16344,-86.58584"
902505573,2015-08-01,Weekend,700,2-Car,No injury/unknown,UNSAFE BACKING,9TH & JACKSON,39.17017478,-86.53973209,"39.17017478,-86.53973209"
902505679,2015-08-01,Weekend,1400,2-Car,No injury/unknown,OTHER (DRIVER) - EXPLAIN IN NARRATIVE,S LINCOLN,39.15416261,-86.531152,"39.15416261,-86.531152"
902505741,2015-08-02,Weekday,1100,2-Car,No injury/unknown,DISREGARD SIGNAL/REG SIGN,ATWATER & JORDAN,39.16304983,-86.51638984,"39.16304983,-86.51638984"
902505885,2015-08-02,Weekday,1400,2-Car,No injury/unknown,FAILURE TO YIELD RIGHT OF WAY,HILLSIDE & WOODLAWN,39.15072,-86.522496,"39.15072,-86.522496"
902505886,2015-08-01,Weekend,0,2-Car,No injury/unknown,,6TH & MORTON,39.167664,-86.536,"39.167664,-86.536"
902505999,2015-08-02,Weekday,1900,2-Car,Non-incapacitating,FOLLOWING TOO CLOSELY,10TH & JORDAN,39.171552,-86.515728,"39.171552,-86.515728"
902506006,2015-08-02,Weekday,1900,2-Car,Incapacitating,UNSAFE LANE MOVEMENT,7TH & N WALNUT,39.16864,-86.533568,"39.16864,-86.533568"
902506021,2015-08-02,Weekday,2200,2-Car,No injury/unknown,FAILURE TO YIELD RIGHT OF WAY,FEE & NORTH JORDAN,39.18384,-86.5192,"39.18384,-86.5192"
902506145,2015-08-03,Weekday,700,2-Car,No injury/unknown,UNSAFE BACKING,SOUTH SR 446,39.14213705,-86.52705713,"39.14213705,-86.52705713"
902506146,2015-08-03,Weekday,800,2-Car,No injury/unknown,FAILURE TO YIELD RIGHT OF WAY,7TH & COLLEGE,39.168656,-86.534784,"39.168656,-86.534784"
902506162,2015-08-03,Weekday,800,2-Car,No injury/unknown,DISREGARD SIGNAL/REG SIGN,N DUNN & SR4546E,39.186352,-86.528496,"39.186352,-86.528496"
902506174,2015-08-03,Weekday,800,2-Car,No injury/unknown,FAILURE TO YIELD RIGHT OF WAY,DIXIE & LINCOLN,39.156576,-86.53112,"39.156576,-86.53112"
902506292,2015-08-03,Weekday,1200,2-Car,No injury/unknown,OTHER (DRIVER) - EXPLAIN IN NARRATIVE,MOORES & WINFIELD,39.150496,-86.501088,"39.150496,-86.501088"
902506478,2015-08-03,Weekday,1900,Pedestrian,Non-incapacitating,DISREGARD SIGNAL/REG SIGN,3RD & WOODLAWN,39.164352,-86.522592,"39.164352,-86.522592"
902506571,2015-08-03,Weekday,1200,2-Car,No injury/unknown,OTHER (DRIVER) - EXPLAIN IN NARRATIVE,GRIMES & WOODLAWN,39.153344,-86.522512,"39.153344,-86.522512"
902506825,2015-08-02,Weekday,400,2-Car,No injury/unknown,,MAYBURY MALL,39.13146481,-86.5807528,"39.13146481,-86.5807528"
902506865,2015-08-04,Weekday,1700,2-Car,No injury/unknown,FOLLOWING TOO CLOSELY,10TH & SR46S,39.17202295,-86.5023153,"39.17202295,-86.5023153"
902506914,2015-08-03,Weekday,1500,2-Car,No injury/unknown,UNSAFE BACKING,E ATWATER & S HIGHLAND,39.1632,-86.517584,"39.1632,-86.517584"
902506956,2015-08-03,Weekday,1500,2-Car,Incapacitating,FAILURE TO YIELD RIGHT OF WAY,CHERRY & S FAIRFAX,39.09784,-86.5168,"39.09784,-86.5168"
902506957,2015-08-02,Weekday,1600,2-Car,Non-incapacitating,FOLLOWING TOO CLOSELY,BUNGER & SR45W,39.12848101,-86.6056907,"39.12848101,-86.6056907"
902507180,2015-08-05,Weekday,1000,2-Car,No injury/unknown,IMPROPER LANE USAGE,E 10TH,39.17157747,-86.51808392,"39.17157747,-86.51808392"
902507226,2015-08-05,Weekday,1200,2-Car,No injury/unknown,UNSAFE LANE MOVEMENT,10TH & LINCOLN,39.171712,-86.530992,"39.171712,-86.530992"
902507294,2015-08-05,Weekday,1400,Bus,No injury/unknown,UNSAFE BACKING,E 10TH,39.17161826,-86.5006487,"39.17161826,-86.5006487"
902507348,2015-08-05,Weekday,1700,2-Car,No injury/unknown,FOLLOWING TOO CLOSELY,VERMILYA & WALNUT,39.148928,-86.53312,"39.148928,-86.53312"
902507377,2015-08-05,Weekday,0,2-Car,No injury/unknown,UNSAFE LANE MOVEMENT,1216 W 11TH & MONROE,39.17323424,-86.54712718,"39.17323424,-86.54712718"
902507438,2015-08-04,Weekday,300,2-Car,Incapacitating,LEFT OF CENTER,HARMONY & SR45W,39.111024,-86.638304,"39.111024,-86.638304"
902507451,2015-08-06,Weekday,100,2-Car,No injury/unknown,FOLLOWING TOO CLOSELY,EAST 12TH & NORTH WALNUT,39.174352,-86.533472,"39.174352,-86.533472"
902507488,2015-08-06,Weekday,600,2-Car,No injury/unknown,FOLLOWING TOO CLOSELY,10TH & SR46E,39.171648,-86.502096,"39.171648,-86.502096"
902507527,2015-08-04,Weekday,1400,2-Car,No injury/unknown,FAILURE TO YIELD RIGHT OF WAY,S LIBERTY,39.145264,-86.577616,"39.145264,-86.577616"
902507659,2015-08-06,Weekday,800,2-Car,No injury/unknown,FAILURE TO YIELD RIGHT OF WAY,10TH & DUNN,39.17168,-86.528256,"39.17168,-86.528256"
902507661,2015-08-06,Weekday,800,2-Car,No injury/unknown,DISREGARD SIGNAL/REG SIGN,COVENANTER & S HIGH,39.15424,-86.508288,"39.15424,-86.508288"
902507751,2015-08-03,Weekday,600,2-Car,No injury/unknown,UNSAFE BACKING,CURRY & VERNAL,39.17915985,-86.58308029,"39.17915985,-86.58308029"
902507759,2015-08-06,Weekday,900,3+ Cars,No injury/unknown,DRIVER DISTRACTED - EXPLAIN IN NARRATIVE,10TH & UNION,39.171472,-86.509376,"39.171472,-86.509376"
902507815,2015-08-03,Weekday,1100,2-Car,No injury/unknown,FAILURE TO YIELD RIGHT OF WAY,RAYLE & TAPP,39.13704,-86.577504,"39.13704,-86.577504"
902507956,2015-08-04,Weekday,1700,1-Car,No injury/unknown,UNSAFE BACKING,N JOHNSON,39.16951242,-86.564992,"39.16951242,-86.564992"
902508035,2015-08-07,Weekend,1000,2-Car,No injury/unknown,UNSAFE BACKING,S WALNUT,39.14572622,-86.53217956,"39.14572622,-86.53217956"
902508036,2015-08-07,Weekend,800,2-Car,No injury/unknown,,E 4TH & S CLARK,39.165648,-86.5048,"39.165648,-86.5048"
902508053,2015-08-07,Weekend,1200,2-Car,No injury/unknown,FAILURE TO YIELD RIGHT OF WAY,17TH & DUNN,39.17904,-86.5284,"39.17904,-86.5284"
902508058,2015-08-06,Weekend,2200,Moped/Motorcycle,No injury/unknown,FAILURE TO YIELD RIGHT OF WAY,7TH & JORDAN,39.168944,-86.516016,"39.168944,-86.516016"
902508086,2015-08-06,Weekday,1400,2-Car,No injury/unknown,FOLLOWING TOO CLOSELY,DILLMAN & SOUTH OLD STATE ROAD 37,39.092944,-86.544,"39.092944,-86.544"
902508087,2015-08-06,Weekday,1600,2-Car,No injury/unknown,FOLLOWING TOO CLOSELY,W TAPP,39.13704,-86.572896,"39.13704,-86.572896"
902508110,2015-08-06,Weekday,1800,2-Car,No injury/unknown,FOLLOWING TOO CLOSELY,E 7TH & SR46E,39.167648,-86.500096,"39.167648,-86.500096"
902508111,2015-08-06,Weekday,1600,2-Car,No injury/unknown,FOLLOWING TOO CLOSELY,CURRY & W 3RD,39.16463971,-86.58292002,"39.16463971,-86.58292002"
902508112,2015-08-06,Weekend,2100,2-Car,No injury/unknown,UNSAFE LANE MOVEMENT,PATTERSON,39.115248,-86.573504,"39.115248,-86.573504"
902508259,2015-08-02,Weekday,0,2-Car,No injury/unknown,IMPROPER LANE USAGE,FLEENER & HASH,39.172656,-86.400688,"39.172656,-86.400688"
902508260,2015-08-02,Weekday,1200,2-Car,No injury/unknown,FOLLOWING TOO CLOSELY,3RD & COLLEGE MALL,39.16424,-86.4984,"39.16424,-86.4984"
902508339,2015-08-01,Weekend,100,1-Car,No injury/unknown,OTHER (DRIVER) - EXPLAIN IN NARRATIVE,17TH & WALNUT,39.17904,-86.53163343,"39.17904,-86.53163343"
902508575,2015-08-06,Weekday,1300,2-Car,No injury/unknown,FAILURE TO YIELD RIGHT OF WAY,RHORER & SOUTH WALNUT STREET,39.12144,-86.526496,"39.12144,-86.526496"
902509034,2015-08-01,Weekend,1100,2-Car,No injury/unknown,FAILURE TO YIELD RIGHT OF WAY,10TH & COLLEGE,39.171744,-86.534768,"39.171744,-86.534768"
902509035,2015-08-01,Weekend,900,3+ Cars,Incapacitating,DISREGARD SIGNAL/REG SIGN,SR37S & W TAPP,39.13704,-86.572896,"39.13704,-86.572896"
902509092,2015-08-02,Weekday,1700,2-Car,No injury/unknown,OTHER (DRIVER) - EXPLAIN IN NARRATIVE,45,39.16424,-86.48664897,"39.16424,-86.48664897"
902509117,2015-08-07,Weekend,1700,2-Car,No injury/unknown,FOLLOWING TOO CLOSELY,E 3RD & S COLLEGE MALL,39.16424,-86.4984,"39.16424,-86.4984"
902509135,2015-08-01,Weekend,1400,2-Car,No injury/unknown,OTHER (DRIVER) - EXPLAIN IN NARRATIVE,HIGH & MOORES,39.150544,-86.508288,"39.150544,-86.508288"
902509295,2015-08-06,Weekday,1200,2-Car,No injury/unknown,UNSAFE BACKING,E 3RD,39.164465,-86.54881114,"39.164465,-86.54881114"
902509363,2015-08-01,Weekend,1400,2-Car,No injury/unknown,FOLLOWING TOO CLOSELY,1ST & S COLLEGE,39.17688,-86.534736,"39.17688,-86.534736"
902509414,2015-08-06,Weekday,1200,2-Car,No injury/unknown,UNSAFE BACKING,DANIELS,39.16671172,-86.59908838,"39.16671172,-86.59908838"
902510278,2015-08-02,Weekday,900,1-Car,No injury/unknown,UNSAFE BACKING,W 6TH & W JACKSON,39.16768,-86.539808,"39.16768,-86.539808"
902510325,2015-08-07,Weekend,1000,2-Car,No injury/unknown,OTHER (VEHICLE) - EXPLAIN IN NARRATIVE,410 E 6TH & N GRANT,39.167712,-86.529696,"39.167712,-86.529696"
902510654,2015-08-02,Weekday,600,2-Car,Incapacitating,DRIVER ASLEEP OR FATIGUED,SR37 & TAPP,39.13652039,-86.55490112,"39.13652039,-86.55490112"
902510737,2015-08-01,Weekend,1300,2-Car,No injury/unknown,FAILURE TO YIELD RIGHT OF WAY,COTTAGE GROVE & INDIANA,39.17264,-86.52704,"39.17264,-86.52704"
902510766,2015-08-02,Weekday,1200,2-Car,No injury/unknown,FAILURE TO YIELD RIGHT OF WAY,E 15TH & N WALNUTST,39.176848,-86.533424,"39.176848,-86.533424"
902511055,2015-08-02,Weekday,1500,1-Car,No injury/unknown,OTHER (VEHICLE) - EXPLAIN IN NARRATIVE,RENWICK,39.14958954,-86.50096893,"39.14958954,-86.50096893"
902511581,2015-08-02,Weekday,1600,2-Car,No injury/unknown,FOLLOWING TOO CLOSELY,LOVE & SR46W,39.219152,-86.602304,"39.219152,-86.602304"
902511654,2015-08-02,Weekday,1700,2-Car,No injury/unknown,UNSAFE BACKING,1ST & WALKER,39.15946975,-86.54602886,"39.15946975,-86.54602886"
902512194,2015-09-03,Weekday,700,2-Car,No injury/unknown,UNSAFE SPEED,10TH & JORDAN,39.171552,-86.515728,"39.171552,-86.515728"
902512396,2015-09-03,Weekday,1000,2-Car,No injury/unknown,FAILURE TO YIELD RIGHT OF WAY,COLLEGE MALL,39.16424,-86.4984,"39.16424,-86.4984"
902512670,2015-08-02,Weekday,1500,Cyclist,No injury/unknown,OTHER (DRIVER) - EXPLAIN IN NARRATIVE,E COVENANTER & SO COLLEGE MALL,39.155152,-86.497888,"39.155152,-86.497888"
902512796,2015-09-03,Weekday,1300,Bus,No injury/unknown,UNSAFE LANE MOVEMENT,BALFOUR & N JORDAN EXTENSION,39.18240585,-86.51259862,"39.18240585,-86.51259862"
902513090,2015-09-03,Weekday,1600,2-Car,No injury/unknown,FOLLOWING TOO CLOSELY,HICKORY LEAF & SR45W,39.145152,-86.5776,"39.145152,-86.5776"
902513094,2015-09-03,Weekday,1300,2-Car,No injury/unknown,FOLLOWING TOO CLOSELY,W 3RD,39.164752,-86.573104,"39.164752,-86.573104"
902513122,2015-09-03,Weekday,1300,2-Car,No injury/unknown,UNSAFE BACKING,S COLLEGE,39.17088686,-86.534768,"39.17088686,-86.534768"
902513181,2015-09-03,Weekday,1700,2-Car,No injury/unknown,IMPROPER PASSING,S COLLEGE,39.16115717,-86.53485253,"39.16115717,-86.53485253"
902513384,2015-09-03,Weekday,1200,2-Car,No injury/unknown,UNSAFE LANE MOVEMENT,DANIELS,39.16809464,-86.6001892,"39.16809464,-86.6001892"
902513424,2015-09-03,Weekday,1000,2-Car,No injury/unknown,OTHER (DRIVER) - EXPLAIN IN NARRATIVE,6TH & GRANT,39.16743734,-86.529696,"39.16743734,-86.529696"
902513438,2015-09-03,Weekday,900,2-Car,Incapacitating,FAILURE TO YIELD RIGHT OF WAY,BLUE RIDGE & WALNUT,39.19605806,-86.53409885,"39.19605806,-86.53409885"
902513650,2015-09-04,Weekday,1200,2-Car,No injury/unknown,LEFT OF CENTER,GRIMES & WALNUT,39.15335029,-86.53371021,"39.15335029,-86.53371021"
902513651,2015-09-03,Weekday,1500,2-Car,No injury/unknown,FAILURE TO YIELD RIGHT OF WAY,N MORTON & W 11TH,39.173216,-86.536,"39.173216,-86.536"
902513658,2015-08-05,Weekday,1500,2-Car,No injury/unknown,IMPROPER LANE USAGE,HAWTHORNE & HUNTER,39.16224,-86.52016,"39.16224,-86.52016"
902513767,2015-09-04,Weekday,1500,2-Car,No injury/unknown,UNSAFE LANE MOVEMENT,10TH & JORDAN,39.17155391,-86.51590441,"39.17155391,-86.51590441"
902513847,2015-09-04,Weekday,1700,2-Car,No injury/unknown,FOLLOWING TOO CLOSELY,HILLSIDE & WOODLAWN,39.15052995,-86.52261994,"39.15052995,-86.52261994"
902513875,2015-09-04,Weekday,1700,2-Car,No injury/unknown,UNSAFE BACKING,E 3RD,39.164272,-86.50232131,"39.164272,-86.50232131"
902513920,2015-09-04,Weekday,1600,Bus,No injury/unknown,UNSAFE BACKING,W ALLEN,39.15574596,-86.54770384,"39.15574596,-86.54770384"
902513974,2015-09-04,Weekday,2200,2-Car,No injury/unknown,FOLLOWING TOO CLOSELY,3RD & JORDAN,39.16424,-86.5164,"39.16424,-86.5164"
902514043,2015-08-03,Weekday,900,2-Car,No injury/unknown,OVERCORRECTING/OVERSTEERING,ADAMS,39.164544,-86.552192,"39.164544,-86.552192"
902514176,2015-09-05,Weekday,1100,2-Car,No injury/unknown,UNSAFE BACKING,W 3RD,39.16516495,-86.57852172,"39.16516495,-86.57852172"
902514185,2015-09-05,Weekday,1100,2-Car,No injury/unknown,FAILURE TO YIELD RIGHT OF WAY,FOREST PARK & SR46W,39.2123644,-86.58817795,"39.2123644,-86.58817795"
902514198,2015-09-05,Weekday,1100,2-Car,No injury/unknown,DISREGARD SIGNAL/REG SIGN,10TH & SR46W,39.171648,-86.502096,"39.171648,-86.502096"
902514211,2015-09-05,Weekday,1000,2-Car,No injury/unknown,DRIVER DISTRACTED - EXPLAIN IN NARRATIVE,SR37S & VICTOR,39.105552,-86.551104,"39.105552,-86.551104"
902514225,2015-09-05,Weekday,1100,2-Car,No injury/unknown,FAILURE TO YIELD RIGHT OF WAY,DANIELS WAY & STATE ROAD 48,39.15422548,-86.59909978,"39.15422548,-86.59909978"
902514280,2015-09-05,Weekday,900,Moped/Motorcycle,Fatal,DISREGARD SIGNAL/REG SIGN,SR37S & VICTOR,39.105552,-86.551104,"39.105552,-86.551104"
902514396,2015-09-05,Weekday,1500,2-Car,No injury/unknown,FAILURE TO YIELD RIGHT OF WAY,N WALNUT & W 7TH,39.16864,-86.533568,"39.16864,-86.533568"
902514472,2015-09-05,Weekday,1700,2-Car,Non-incapacitating,FOLLOWING TOO CLOSELY,ATWATER & HIGHLAND,39.1632,-86.517584,"39.1632,-86.517584"
902514496,2015-09-05,Weekday,1900,2-Car,No injury/unknown,DISREGARD SIGNAL/REG SIGN,3RD & LINCOLN,39.16464,-86.531024,"39.16464,-86.531024"
902534157,2015-10-03,Weekday,1500,2-Car,No injury/unknown,STEERING FAILURE,LAKEVIEW & SR46W,39.22148334,-86.60616326,"39.22148334,-86.60616326"
902534162,2015-10-03,Weekday,1700,2-Car,No injury/unknown,FAILURE TO YIELD RIGHT OF WAY,NORTH COLLEGE & WEST 11TH,39.173232,-86.534752,"39.173232,-86.534752"
902534167,2015-10-03,Weekday,1700,3+ Cars,No injury/unknown,FOLLOWING TOO CLOSELY,SOUTH OLD STATE ROAD 37 & WAYSIDE,39.109248,-86.53128,"39.109248,-86.53128"
902534178,2015-10-02,Weekday,1300,2-Car,No injury/unknown,IMPROPER TURNING,KIRKWOOD & NORTH WALNUT,39.16664,-86.5336,"39.16664,-86.5336"
902534181,2015-10-03,Weekday,2000,2-Car,No injury/unknown,OTHER (DRIVER) - EXPLAIN IN NARRATIVE,2ND & MADISON,39.161488,-86.537296,"39.161488,-86.537296"
902534221,2015-10-07,Weekend,200,1-Car,No injury/unknown,RAN OFF ROAD RIGHT,N BOTTOM & W MAPLE GROVE,39.24727991,-86.54774652,"39.24727991,-86.54774652"
902534258,2015-10-01,Weekend,100,1-Car,No injury/unknown,ROADWAY SURFACE CONDITION,WEST ARLINGTON,39.185048,-86.550584,"39.185048,-86.550584"
902534297,2015-10-05,Weekday,1100,1-Car,No injury/unknown,LEFT OF CENTER,E DEVINSHIRE COURT & RUSSELL ROAD,39.17996988,-86.48165355,"39.17996988,-86.48165355"
902534299,2015-10-07,Weekend,1600,1-Car,No injury/unknown,ROADWAY SURFACE CONDITION,GIFFORD & PARK SQUARE,39.154448,-86.591696,"39.154448,-86.591696"
902534300,2015-10-01,Weekend,1400,1-Car,No injury/unknown,DRIVER DISTRACTED - EXPLAIN IN NARRATIVE,LOESCH & W OLD VERNAL,39.29203297,-86.59263968,"39.29203297,-86.59263968"
902534322,2015-10-04,Weekday,700,2-Car,No injury/unknown,IMPROPER LANE USAGE,3RD,39.164752,-86.573104,"39.164752,-86.573104"
902534376,2015-10-07,Weekend,800,1-Car,No injury/unknown,DRIVER DISTRACTED - EXPLAIN IN NARRATIVE,S ROCKPORT & S VICTOR,39.053744,-86.606304,"39.053744,-86.606304"
902534381,2015-10-04,Weekday,600,1-Car,No injury/unknown,ANIMAL/OBJECT IN ROADWAY,17TH & SR46E,39.18077171,-86.50838423,"39.18077171,-86.50838423"
902534491,2015-10-04,Weekday,900,2-Car,No injury/unknown,UNSAFE BACKING,12TH & INDIANA,39.174368,-86.527088,"39.174368,-86.527088"
902534533,2015-10-04,Weekday,1300,2-Car,No injury/unknown,FAILURE TO YIELD RIGHT OF WAY,E THIRD & PETE ELLIS,39.16424,-86.495088,"39.16424,-86.495088"
902534648,2015-10-04,Weekday,1700,2-Car,No injury/unknown,FOLLOWING TOO CLOSELY,SR37N & VERNAL,39.1775537,-86.5612041,"39.1775537,-86.5612041"
902534658,2015-10-04,Weekday,1500,2-Car,Incapacitating,UNSAFE LANE MOVEMENT,W 3RD ST,39.164752,-86.573104,"39.164752,-86.573104"
902534701,2015-10-04,Weekday,1700,2-Car,No injury/unknown,FOLLOWING TOO CLOSELY,E RHORER & S WALNUT STREET,39.12144,-86.526496,"39.12144,-86.526496"
902534707,2015-10-02,Weekday,2000,2-Car,No injury/unknown,IMPROPER TURNING,N CURRY & WOODYARD,39.190672,-86.582992,"39.190672,-86.582992"
902534716,2015-10-04,Weekday,2000,2-Car,No injury/unknown,FAILURE TO YIELD RIGHT OF WAY,10TH & INDIANA,39.17168,-86.527024,"39.17168,-86.527024"
902534825,2015-10-05,Weekday,0,1-Car,Non-incapacitating,RAN OFF ROAD RIGHT,S KINGSTON,39.16658457,-86.49281455,"39.16658457,-86.49281455"