Master Record Number,Date,Weekend?,Hour,Collision Type,Injury Type,Primary Factor,Reported_Location,Latitude,Longitude,Location
902519855,2015-09-07,Weekend,2100,3+ Cars,No injury/unknown,IMPROPER TURNING,13TH & FEE,39.175152,-86.518992,"39.175152,-86.518992"
902519872,2015-09-07,Weekend,1800,2-Car,No injury/unknown,IMPROPER LANE USAGE,S DUNN,39.164048,-86.5284,"39.164048,-86.5284"
902519918,2015-09-06,Weekend,2300,1-Car,Non-incapacitating,RAN OFF ROAD RIGHT,POPCORN & THIRD,39.01211992,-86.54903362,"39.01211992,-86.54903362"
902519955,2015-09-07,Weekend,2000,2-Car,No injury/unknown,UNSAFE BACKING,216 N WALNUT & 6TH,39.167648,-86.533584,"39.167648,-86.533584"
902520096,2015-09-01,Weekend,1700,2-Car,No injury/unknown,FAILURE TO YIELD RIGHT OF WAY,E 10TH & GRANT,39.171696,-86.529696,"39.171696,-86.529696"
902520101,2015-09-05,Weekday,1200,1-Car,No injury/unknown,RAN OFF ROAD RIGHT,GARRISON CHAPEL & SPICER,39.141648,-86.6428,"39.141648,-86.6428"
902520102,2015-09-07,Weekend,1800,Moped/Motorcycle,Incapacitating,ROADWAY SURFACE CONDITION,FULLERTON & SHARON,39.12235033,-86.57627895,"39.12235033,-86.57627895"
902520113,2015-09-01,Weekend,1800,2-Car,No injury/unknown,FAILURE TO YIELD RIGHT OF WAY,E 3RD & S UNION,39.164352,-86.5088,"39.164352,-86.5088"
902520400,2015-09-02,Weekday,800,2-Car,No injury/unknown,UNSAFE LANE MOVEMENT,E 3RD & E ATWATER,39.164448,-86.528096,"39.164448,-86.528096"
902520460,2015-08-04,Weekday,800,1-Car,No injury/unknown,RAN OFF ROAD RIGHT,HAYS & SR446S,39.05202144,-86.40841667,"39.05202144,-86.40841667"
902520491,2015-09-02,Weekday,800,2-Car,No injury/unknown,OTHER (DRIVER) - EXPLAIN IN NARRATIVE,WALNUT & WINSLOW,39.13597025,-86.5311098,"39.13597025,-86.5311098"
902520500,2015-09-02,Weekday,1000,2-Car,Non-incapacitating,OTHER (DRIVER) - EXPLAIN IN NARRATIVE,SR37N & W VERNAL,39.176544,-86.5624,"39.176544,-86.5624"
902520525,2015-09-02,Weekday,1200,2-Car,No injury/unknown,FAILURE TO YIELD RIGHT OF WAY,N COLLEGE & W 7TH,39.168656,-86.534784,"39.168656,-86.534784"
902520681,2015-09-07,Weekend,1500,Moped/Motorcycle,No injury/unknown,SPEED TOO FAST FOR WEATHER CONDITIONS,CHAPEL HILL & SR446N,39.02483704,-86.40536989,"39.02483704,-86.40536989"
902520682,2015-09-07,Weekend,1500,1-Car,No injury/unknown,SPEED TOO FAST FOR WEATHER CONDITIONS,CHAPEL HILL & SR446N,39.02483704,-86.40536989,"39.02483704,-86.40536989"
902520821,2015-09-02,Weekday,1400,Moped/Motorcycle,Non-incapacitating,DISREGARD SIGNAL/REG SIGN,HILLSIDE & WALNUT,39.150544,-86.5336,"39.150544,-86.5336"
902520924,2015-09-02,Weekday,1700,2-Car,No injury/unknown,FAILURE TO YIELD RIGHT OF WAY,E 8TH,39.169552,-86.53080686,"39.169552,-86.53080686"
902520961,2015-09-06,Weekday,1400,2-Car,Fatal,LEFT OF CENTER,PINE GROVE & SR446,39.10070877,-86.42868575,"39.10070877,-86.42868575"
902520991,2015-09-03,Weekday,100,2-Car,No injury/unknown,OTHER (DRIVER) - EXPLAIN IN NARRATIVE,UNIVERSITY & WOODLAWN,39.160304,-86.52256,"39.160304,-86.52256"
902521024,2015-09-02,Weekday,1100,2-Car,No injury/unknown,OVERCORRECTING/OVERSTEERING,E 3RD,39.16423861,-86.49522852,"39.16423861,-86.49522852"
902521110,2015-09-03,Weekday,800,2-Car,No injury/unknown,OTHER (DRIVER) - EXPLAIN IN NARRATIVE,NORTH LINCOLN,39.17081214,-86.53109505,"39.17081214,-86.53109505"
902521121,2015-09-03,Weekday,900,2-Car,No injury/unknown,UNSAFE SPEED,10TH & WALNUT,39.1716,-86.520896,"39.1716,-86.520896"
902521122,2015-09-03,Weekday,800,3+ Cars,Incapacitating,FAILURE TO YIELD RIGHT OF WAY,E RHORER & S SARE,39.12144005,-86.51157997,"39.12144005,-86.51157997"
902521162,2015-09-03,Weekday,800,2-Car,No injury/unknown,FAILURE TO YIELD RIGHT OF WAY,N MADISON & W 17TH,39.178992,-86.537792,"39.178992,-86.537792"
902521164,2015-09-03,Weekday,1000,2-Car,No injury/unknown,UNSAFE BACKING,E CREEKS EDGE,39.12821665,-86.50074921,"39.12821665,-86.50074921"
902521373,2015-09-02,Weekday,2000,2-Car,No injury/unknown,UNSAFE BACKING,E 17TH,39.17895065,-86.52955121,"39.17895065,-86.52955121"
902521415,2015-09-06,Weekday,1400,Moped/Motorcycle,No injury/unknown,SPEED TOO FAST FOR WEATHER CONDITIONS,S ROGERS & W CLEAR CREEK,39.14285999,-86.53976999,"39.14285999,-86.53976999"
902521556,2015-09-03,Weekday,1600,3+ Cars,No injury/unknown,FOLLOWING TOO CLOSELY,7TH & SR46S,39.167648,-86.500096,"39.167648,-86.500096"
902521560,2015-09-03,Weekday,1600,2-Car,No injury/unknown,FOLLOWING TOO CLOSELY,E 10TH & N WALNUT GROVE,39.1716,-86.520896,"39.1716,-86.520896"
902521609,2015-09-03,Weekday,1700,3+ Cars,Incapacitating,FAILURE TO YIELD RIGHT OF WAY,RANGE & SR46N,39.171504,-86.495312,"39.171504,-86.495312"
902521647,2015-09-03,Weekday,1900,2-Car,Incapacitating,FAILURE TO YIELD RIGHT OF WAY,COLLEGE & E 3RD,39.16464,-86.534816,"39.16464,-86.534816"
902521686,2015-09-02,Weekday,1800,Bus,No injury/unknown,FOLLOWING TOO CLOSELY,KIRKWOOD & WASHINGTON,39.16664,-86.5324,"39.16664,-86.5324"
902521795,2015-09-03,Weekday,1300,1-Car,No injury/unknown,UNSAFE BACKING,S PARK RIDGE,39.16500473,-86.47569274,"39.16500473,-86.47569274"
902521904,2015-09-03,Weekday,1400,1-Car,No injury/unknown,RAN OFF ROAD RIGHT,COYLE & SHILO,39.2650628,-86.44043949,"39.2650628,-86.44043949"
902522094,2015-09-04,Weekday,900,Cyclist,Incapacitating,FAILURE TO YIELD RIGHT OF WAY,3RD & BALLANTINE,39.16427024,-86.51912972,"39.16427024,-86.51912972"
902522095,2015-09-04,Weekday,1300,2-Car,No injury/unknown,FAILURE TO YIELD RIGHT OF WAY,ATWATER & FESS,39.16312024,-86.52590028,"39.16312024,-86.52590028"
902522111,2015-09-07,Weekend,1700,2-Car,No injury/unknown,OTHER (DRIVER) - EXPLAIN IN NARRATIVE,SR446E,39.148464,-86.471256,"39.148464,-86.471256"
902522116,2015-09-07,Weekend,2200,1-Car,No injury/unknown,OTHER (DRIVER) - EXPLAIN IN NARRATIVE,10TH & DUNN,39.17168,-86.528256,"39.17168,-86.528256"
902522259,2015-09-04,Weekday,1500,2-Car,No injury/unknown,FAILURE TO YIELD RIGHT OF WAY,MORTON & W 11TH,39.173216,-86.536,"39.173216,-86.536"
902522284,2015-09-04,Weekday,600,2-Car,No injury/unknown,UNSAFE BACKING,E 3RD,39.16426743,-86.50104686,"39.16426743,-86.50104686"
902522346,2015-08-07,Weekend,300,2-Car,No injury/unknown,FOLLOWING TOO CLOSELY,EAST 10TH & NORTH SMITH,39.172752,-86.482288,"39.172752,-86.482288"
902522369,2015-09-04,Weekday,1700,2-Car,No injury/unknown,FOLLOWING TOO CLOSELY,SR37S & W TAPP,39.13758929,-86.57290278,"39.13758929,-86.57290278"
902522514,2015-09-05,Weekday,800,2-Car,No injury/unknown,OTHER (ENVIRONMENTAL) - EXPLAIN IN NARR,CABOT & SHEFFIELD,39.170144,-86.476192,"39.170144,-86.476192"
902522575,2015-09-05,Weekday,900,2-Car,No injury/unknown,UNSAFE BACKING,W 3RD,39.164848,-86.5761011,"39.164848,-86.5761011"
902522706,2015-09-05,Weekday,1000,1-Car,No injury/unknown,OBSTRUCTION NOT MARKED,CURRY & PROFILE,39.17196013,-86.5829797,"39.17196013,-86.5829797"
902522711,2015-09-05,Weekday,900,2-Car,Incapacitating,FAILURE TO YIELD RIGHT OF WAY,E LONGVIRW & N PETE ELLIS,39.16691778,-86.49492168,"39.16691778,-86.49492168"
902522714,2015-09-07,Weekend,1500,2-Car,No injury/unknown,UNSAFE BACKING,E 3RD,39.16456,-86.5550845,"39.16456,-86.5550845"
902522759,2015-09-05,Weekday,900,2-Car,Non-incapacitating,FAILURE TO YIELD RIGHT OF WAY,6TH & ROGERS,39.16768,-86.538592,"39.16768,-86.538592"
902522794,2015-09-03,Weekday,1600,2-Car,No injury/unknown,FAILURE TO YIELD RIGHT OF WAY,LOESCH & VERNAL,39.186352,-86.592896,"39.186352,-86.592896"
902522828,2015-09-05,Weekday,1300,2-Car,No injury/unknown,FOLLOWING TOO CLOSELY,BLOOMFIELD & CORY,39.157248,-86.559792,"39.157248,-86.559792"
902522838,2015-09-05,Weekday,700,1-Car,No injury/unknown,ANIMAL/OBJECT IN ROADWAY,NORTH BRUMMETTS CREEK & SR46E,39.151552,-86.389584,"39.151552,-86.389584"
902522839,2015-09-05,Weekday,700,2-Car,No injury/unknown,ANIMAL/OBJECT IN ROADWAY,HARTSTRAIT & WALCOTT,39.20132026,-86.61140133,"39.20132026,-86.61140133"
902522931,2015-09-05,Weekday,1700,2-Car,Incapacitating,FOLLOWING TOO CLOSELY,10TH & SUNRISE,39.17157993,-86.51247985,"39.17157993,-86.51247985"
902522945,2015-09-05,Weekday,1700,3+ Cars,No injury/unknown,FOLLOWING TOO CLOSELY,E 17TH & N FORREST,39.1790197,-86.52249991,"39.1790197,-86.52249991"
902523028,2015-09-03,Weekday,1600,3+ Cars,No injury/unknown,FOLLOWING TOO CLOSELY,S CURRY & SR45W,39.14179032,-86.58321159,"39.14179032,-86.58321159"
902523253,2015-09-03,Weekday,2100,1-Car,No injury/unknown,RAN OFF ROAD RIGHT,BREEDEN & TOM PHILLIPS,39.07208387,-86.67344892,"39.07208387,-86.67344892"
902523342,2015-09-06,Weekday,1100,2-Car,No injury/unknown,FOLLOWING TOO CLOSELY,N KINSER & W WINDING WAY,39.198144,-86.542096,"39.198144,-86.542096"
902523376,2015-09-05,Weekday,1500,1-Car,No injury/unknown,OTHER (DRIVER) - EXPLAIN IN NARRATIVE,PARK SQUARE & WOODSIDE,39.15903026,-86.59177738,"39.15903026,-86.59177738"
902523451,2015-09-06,Weekday,1200,2-Car,No injury/unknown,FOLLOWING TOO CLOSELY,THIRD,39.164752,-86.573104,"39.164752,-86.573104"
902523493,2015-09-06,Weekday,1300,2-Car,No injury/unknown,UNSAFE LANE MOVEMENT,E 10TH,39.17168,-86.52802971,"39.17168,-86.52802971"
902523548,2015-09-06,Weekday,1400,2-Car,No injury/unknown,FAILURE TO YIELD RIGHT OF WAY,10TH & LINCOLN,39.171712,-86.530992,"39.171712,-86.530992"
902523716,2015-09-07,Weekend,2300,1-Car,No injury/unknown,ANIMAL/OBJECT IN ROADWAY,INGRAM & SR37S,38.99338926,-86.53726441,"38.99338926,-86.53726441"
902523753,2015-09-06,Weekend,2200,Bus,No injury/unknown,OVERSIZE/OVERWEIGHT LOAD,NORTH JORDAN,39.16711003,-86.51624299,"39.16711003,-86.51624299"
902523764,2015-09-06,Weekend,2200,2-Car,No injury/unknown,IMPROPER TURNING,VARSITY,39.18357086,-86.52965545,"39.18357086,-86.52965545"
902523801,2015-09-06,Weekday,1000,2-Car,Incapacitating,FOLLOWING TOO CLOSELY,17TH & LINCOLN,39.17904,-86.53155377,"39.17904,-86.53155377"
902524013,2015-09-07,Weekend,1500,2-Car,No injury/unknown,FOLLOWING TOO CLOSELY,S CURRY,39.142048,-86.582592,"39.142048,-86.582592"
902524028,2015-09-06,Weekday,1700,2-Car,No injury/unknown,CELL PHONE USAGE,WINSLOW,39.136144,-86.523744,"39.136144,-86.523744"
902524052,2015-09-07,Weekend,1600,2-Car,No injury/unknown,UNSAFE LANE MOVEMENT,9TH & INDIANA,39.170544,-86.526992,"39.170544,-86.526992"
902524070,2015-09-06,Weekday,1300,2-Car,Non-incapacitating,FAILURE TO YIELD RIGHT OF WAY,S JOHNSON & W BEAUMONT,39.165968,-86.564992,"39.165968,-86.564992"
902524080,2015-09-06,Weekday,1500,2-Car,No injury/unknown,FOLLOWING TOO CLOSELY,BRYANTS CREEK & SR37N,39.32635039,-86.51470169,"39.32635039,-86.51470169"
902524081,2015-09-06,Weekday,1800,2-Car,No injury/unknown,UNSAFE BACKING,SR 45,39.14186096,-86.5799179,"39.14186096,-86.5799179"
902524311,2015-09-01,Weekend,1300,2-Car,No injury/unknown,UNSAFE LANE MOVEMENT,10TH & COLLEGE,39.171744,-86.534768,"39.171744,-86.534768"
902524329,2015-09-01,Weekend,1300,2-Car,No injury/unknown,FOLLOWING TOO CLOSELY,SR46W & UNION VALLEY,39.21253345,-86.58870047,"39.21253345,-86.58870047"
902524352,2015-09-01,Weekend,1500,2-Car,No injury/unknown,,W 3RD,39.164848,-86.57464947,"39.164848,-86.57464947"
902524395,2015-09-01,Weekend,1600,2-Car,No injury/unknown,FOLLOWING TOO CLOSELY,E 13TH & N FEE,39.175152,-86.518992,"39.175152,-86.518992"
902524443,2015-09-01,Weekend,1600,2-Car,No injury/unknown,,17TH & JORDAN,39.178848,-86.511088,"39.178848,-86.511088"
902524460,2015-09-01,Weekend,1300,2-Car,No injury/unknown,FOLLOWING TOO CLOSELY,CAVE & SR48W,39.16387512,-86.6342742,"39.16387512,-86.6342742"
902524512,2015-09-01,Weekend,800,2-Car,No injury/unknown,RAN OFF ROAD RIGHT,BETHEL & SR45E,39.21033428,-86.46288496,"39.21033428,-86.46288496"
902524639,2015-09-07,Weekend,1300,2-Car,No injury/unknown,UNSAFE LANE MOVEMENT,8TH & COLLEGE,39.169552,-86.534784,"39.169552,-86.534784"
902524647,2015-09-02,Weekday,700,2-Car,Incapacitating,FAILURE TO YIELD RIGHT OF WAY,GRIMES & WALNUT,39.15335029,-86.53371021,"39.15335029,-86.53371021"
902524678,2015-09-06,Weekday,1200,1-Car,No injury/unknown,FAILURE TO YIELD RIGHT OF WAY,REDHILL & SR46W,39.26932907,-86.63478088,"39.26932907,-86.63478088"
902524739,2015-09-02,Weekday,900,2-Car,No injury/unknown,IMPROPER TURNING,E 3RD,39.16456,-86.5550845,"39.16456,-86.5550845"
902524771,2015-09-02,Weekday,900,2-Car,No injury/unknown,UNSAFE BACKING,1001 E 17TH (SOUTH DRIVE) & 17TH,39.23186409,-86.53349103,"39.23186409,-86.53349103"
902524838,2015-09-02,Weekday,1100,1-Car,No injury/unknown,OBSTRUCTION NOT MARKED,N JORDAN,39.1676,-86.516168,"39.1676,-86.516168"
902524865,2015-09-02,Weekday,1100,2-Car,No injury/unknown,DISREGARD SIGNAL/REG SIGN,ATWATER & S HENDERSON,39.16313969,-86.52727022,"39.16313969,-86.52727022"
902524892,2015-09-02,Weekday,1100,2-Car,No injury/unknown,IMPROPER TURNING,6TH & INDIANA (VON LEE LOT),39.167744,-86.526928,"39.167744,-86.526928"
902524903,2015-09-05,Weekday,1700,2-Car,No injury/unknown,UNSAFE BACKING,LIBERTY,39.145264,-86.577616,"39.145264,-86.577616"
902525005,2015-09-02,Weekday,1400,2-Car,No injury/unknown,FAILURE TO YIELD RIGHT OF WAY,E 19TH & LINCOLN,39.18112,-86.530816,"39.18112,-86.530816"
902525033,2015-09-02,Weekday,800,2-Car,No injury/unknown,UNSAFE BACKING,E 7TH,39.168752,-86.5436,"39.168752,-86.5436"
902525056,2015-09-02,Weekday,700,1-Car,No injury/unknown,ANIMAL/OBJECT IN ROADWAY,SR37S & VERNAL,39.17662048,-86.56252288,"39.17662048,-86.56252288"
902525065,2015-09-02,Weekday,1600,Cyclist,No injury/unknown,FAILURE TO YIELD RIGHT OF WAY,E KIRKWOOD & S WOODLAWN,39.16677006,-86.52263281,"39.16677006,-86.52263281"
902525086,2015-09-02,Weekday,1500,2-Car,No injury/unknown,FAILURE TO YIELD RIGHT OF WAY,14TH & N COLLEGE,39.175984,-86.534736,"39.175984,-86.534736"
902525130,2015-09-02,Weekday,1900,Pedestrian,Non-incapacitating,FAILURE TO YIELD RIGHT OF WAY,E 10TH & N WASHINGTON,39.171728,-86.5324,"39.171728,-86.5324"
902525135,2015-09-02,Weekday,1800,Bus,No injury/unknown,IMPROPER TURNING,E JOHN HINKLE & N PETE ELLIS,39.17072,-86.4956,"39.17072,-86.4956"
902525140,2015-09-01,Weekend,1800,2-Car,Non-incapacitating,UNSAFE LANE MOVEMENT,3RD & LINCOLN,39.16464,-86.531024,"39.16464,-86.531024"
902525148,2015-09-02,Weekday,1600,3+ Cars,Non-incapacitating,FOLLOWING TOO CLOSELY,S LIBERTY & SR45W,39.14523295,-86.57745754,"39.14523295,-86.57745754"
902525199,2015-09-07,Weekend,800,1-Car,No injury/unknown,SPEED TOO FAST FOR WEATHER CONDITIONS,W ACUFF,39.20824,-86.554704,"39.20824,-86.554704"
902525206,2015-09-06,Weekday,1700,2-Car,No injury/unknown,UNSAFE LANE MOVEMENT,SR37S & WEST BLOOMFIELD,39.148144,-86.572992,"39.148144,-86.572992"
902525207,2015-09-02,Weekday,2300,2-Car,No injury/unknown,DRIVER DISTRACTED - EXPLAIN IN NARRATIVE,10TH & CAMPBELL,39.17158999,-86.51394031,"39.17158999,-86.51394031"
902525211,2015-09-02,Weekday,2300,2-Car,No injury/unknown,FOLLOWING TOO CLOSELY,SOUTH ROGERS & WEST GRAHAM,39.13992,-86.538416,"39.13992,-86.538416"
902525348,2015-09-03,Weekday,700,2-Car,No injury/unknown,UNSAFE SPEED,SR37 & VERNAL,39.17684691,-86.56204123,"39.17684691,-86.56204123"
902525424,2015-08-07,Weekend,1800,2-Car,Non-incapacitating,FOLLOWING TOO CLOSELY,SR37N & VERNAL,39.17599001,-86.56318363,"39.17599001,-86.56318363"
902525453,2015-09-03,Weekday,900,2-Car,No injury/unknown,DRIVER DISTRACTED - EXPLAIN IN NARRATIVE,SR37S & W VERNAL,39.176544,-86.5624,"39.176544,-86.5624"
902525604,2015-09-03,Weekday,1300,2-Car,No injury/unknown,UNSAFE LANE MOVEMENT,E 3RD,39.16422436,-86.49666727,"39.16422436,-86.49666727"
902525803,2015-09-03,Weekday,1700,2-Car,No injury/unknown,FAILURE TO YIELD RIGHT OF WAY,E 10TH & PARK,39.171648,-86.524608,"39.171648,-86.524608"
902525807,2015-09-03,Weekday,1600,2-Car,No injury/unknown,FOLLOWING TOO CLOSELY,SR37N & W BLOOMFIELD,39.148144,-86.572992,"39.148144,-86.572992"
902525812,2015-09-03,Weekday,1500,2-Car,No injury/unknown,FAILURE TO YIELD RIGHT OF WAY,E 12TH & INDIANA,39.174368,-86.527088,"39.174368,-86.527088"
902525830,2015-09-03,Weekday,1900,2-Car,No injury/unknown,DISREGARD SIGNAL/REG SIGN,ROGERS & W 11TH,39.173184,-86.538528,"39.173184,-86.538528"
902525847,2015-09-03,Weekday,2000,Moped/Motorcycle,Incapacitating,UNSAFE SPEED,ROGERS & SARE,39.13584,-86.496288,"39.13584,-86.496288"
902525906,2015-09-03,Weekday,2300,2-Car,No injury/unknown,FAILURE TO YIELD RIGHT OF WAY,E 10TH & N UNION,39.171472,-86.509376,"39.171472,-86.509376"
902525930,2015-09-03,Weekday,900,Pedestrian,Incapacitating,PEDESTRIAN ACTION,8TH & FORREST,39.1694697,-86.52234032,"39.1694697,-86.52234032"
902526123,2015-09-04,Weekday,800,3+ Cars,Incapacitating,FOLLOWING TOO CLOSELY,PINEHURST & TAPP,39.13637996,-86.54991429,"39.13637996,-86.54991429"
902526139,2015-08-02,Weekday,800,1-Car,No injury/unknown,RAN OFF ROAD RIGHT,FRIENDSHIP & GROSS,39.13923927,-86.40178042,"39.13923927,-86.40178042"
902526140,2015-09-06,Weekday,1100,1-Car,No injury/unknown,OVERCORRECTING/OVERSTEERING,ROBINSON & TUNNEL,39.24128637,-86.43599068,"39.24128637,-86.43599068"
902526141,2015-09-06,Weekday,1300,2-Car,No injury/unknown,UNSAFE BACKING,DANIELS,39.16671172,-86.59908838,"39.16671172,-86.59908838"
902526142,2015-09-01,Weekend,800,2-Car,No injury/unknown,DRIVER DISTRACTED - EXPLAIN IN NARRATIVE,SR37S & THAT,39.115552,-86.564592,"39.115552,-86.564592"
902526183,2015-09-04,Weekday,700,Bus,No injury/unknown,UNSAFE BACKING,S KIMBLE,39.165888,-86.568,"39.165888,-86.568"
902526293,2015-09-03,Weekday,1700,2-Car,No injury/unknown,FOLLOWING TOO CLOSELY,3RD & CLIFTON,39.1642803,-86.50968968,"39.1642803,-86.50968968"
902526309,2015-09-04,Weekday,1000,1-Car,No injury/unknown,IMPROPER TURNING,N RANGE,39.1814028,-86.49475391,"39.1814028,-86.49475391"
902526315,2015-09-04,Weekday,1500,2-Car,No injury/unknown,UNSAFE BACKING,EAST 10TH,39.17156383,-86.51814334,"39.17156383,-86.51814334"
902526399,2015-09-03,Weekday,1400,2-Car,No injury/unknown,FAILURE TO YIELD RIGHT OF WAY,E KIRKWOOD & N DUNN,39.16664,-86.528192,"39.16664,-86.528192"
902526428,2015-09-04,Weekday,1900,1-Car,No injury/unknown,ANIMAL/OBJECT IN ROADWAY,E UNIVERSITY & S HENDERSON,39.16032,-86.527136,"39.16032,-86.527136"
902526436,2015-09-04,Weekday,1600,2-Car,Incapacitating,FAILURE TO YIELD RIGHT OF WAY,E WINSLOW & S PICCADILLY,39.13599975,-86.52448005,"39.13599975,-86.52448005"
902526656,2015-09-04,Weekday,900,2-Car,No injury/unknown,BRAKE FAILURE OR DEFECTIVE,3RD & PATTERSON,39.16344009,-86.55127569,"39.16344009,-86.55127569"
902526717,2015-09-05,Weekday,1100,2-Car,No injury/unknown,FOLLOWING TOO CLOSELY,E ATWATER & S HENDERSON,39.163344,-86.5272,"39.163344,-86.5272"
902527013,2015-09-03,Weekday,1600,2-Car,No injury/unknown,FAILURE TO YIELD RIGHT OF WAY,BASSWOOD & BLOOMFIELD,39.14978027,-86.56889006,"39.14978027,-86.56889006"
902527014,2015-09-03,Weekday,1800,2-Car,No injury/unknown,UNSAFE BACKING,W FLATWOODS,39.25258733,-86.677083,"39.25258733,-86.677083"
902527015,2015-09-04,Weekday,1400,2-Car,No injury/unknown,UNSAFE BACKING,S LIBERTY,39.15870285,-86.57491302,"39.15870285,-86.57491302"
902527052,2015-09-05,Weekday,1500,3+ Cars,No injury/unknown,FOLLOWING TOO CLOSELY,E 10TH & PETE ELLIS,39.171504,-86.495312,"39.171504,-86.495312"
902527077,2015-09-02,Weekday,2100,1-Car,No injury/unknown,RAN OFF ROAD RIGHT,RED HILL & WALKER,39.29626608,-86.648608,"39.29626608,-86.648608"
902527078,2015-09-03,Weekday,1600,2-Car,No injury/unknown,FOLLOWING TOO CLOSELY,BUNGER & SR45W,39.13015288,-86.60311867,"39.13015288,-86.60311867"
902527079,2015-09-03,Weekday,1700,2-Car,No injury/unknown,FAILURE TO YIELD RIGHT OF WAY,BETHEL & SR45E,39.209952,-86.463392,"39.209952,-86.463392"
902527080,2015-09-04,Weekday,1500,1-Car,No injury/unknown,RAN OFF ROAD RIGHT,BOTTOM & WILLIAMS,39.27467975,-86.55808812,"39.27467975,-86.55808812"
902527084,2015-09-05,Weekday,1600,2-Car,No injury/unknown,FAILURE TO YIELD RIGHT OF WAY,E ATWATER & S HIGHLAND,39.1632,-86.517584,"39.1632,-86.517584"
902527095,2015-09-05,Weekday,1700,2-Car,No injury/unknown,FAILURE TO YIELD RIGHT OF WAY,SOUTH MADISON & WEST COUNTRY CLUB,39.136048,-86.536992,"39.136048,-86.536992"
902527105,2015-09-05,Weekday,1700,3+ Cars,No injury/unknown,UNSAFE LANE MOVEMENT,SR446N & SR46W,39.16664,-86.462496,"39.16664,-86.462496"
902527133,2015-09-04,Weekday,1700,2-Car,No injury/unknown,UNSAFE BACKING,E 3RD,39.16424,-86.4984,"39.16424,-86.4984"
902527147,2015-09-05,Weekday,1900,3+ Cars,No injury/unknown,FOLLOWING TOO CLOSELY,EAST 10TH & NORTH WALNUT,39.171744,-86.53352,"39.171744,-86.53352"
902527259,2015-09-06,Weekday,200,2-Car,No injury/unknown,OTHER (DRIVER) - EXPLAIN IN NARRATIVE,E COTTAGE GROVE,39.17264,-86.52946351,"39.17264,-86.52946351"
902527331,2015-09-06,Weekday,900,2-Car,No injury/unknown,OTHER (DRIVER) - EXPLAIN IN NARRATIVE,17TH & MADISON,39.178992,-86.537792,"39.178992,-86.537792"
902527421,2015-09-06,Weekday,1100,2-Car,No injury/unknown,FAILURE TO YIELD RIGHT OF WAY,FEE & JORDAN,39.18384,-86.5192,"39.18384,-86.5192"
902527783,2015-09-06,Weekday,1200,2-Car,No injury/unknown,,E 17TH,39.179008,-86.525888,"39.179008,-86.525888"
902527789,2015-09-06,Weekday,1800,2-Car,No injury/unknown,FOLLOWING TOO CLOSELY,RANGE & SR4546S,39.171504,-86.495312,"39.171504,-86.495312"
902527825,2015-09-06,Weekday,1500,2-Car,No injury/unknown,OTHER (VEHICLE) - EXPLAIN IN NARRATIVE,E HILLSIDE & HENDERSON,39.15056013,-86.52691014,"39.15056013,-86.52691014"
902527842,2015-09-06,Weekend,1900,2-Car,No injury/unknown,FOLLOWING TOO CLOSELY,10TH & JORDAN,39.17156345,-86.51678644,"39.17156345,-86.51678644"
902527846,2015-09-06,Weekday,1500,1-Car,No injury/unknown,ANIMAL/OBJECT IN ROADWAY,S KNIGHTRIDGE & SR446S,39.19704712,-86.46687098,"39.19704712,-86.46687098"
902527847,2015-09-06,Weekday,1600,2-Car,No injury/unknown,IMPROPER LANE USAGE,E SAMPLE & SR37N,39.26753244,-86.5228128,"39.26753244,-86.5228128"
902527865,2015-09-06,Weekday,1400,2-Car,No injury/unknown,OTHER (DRIVER) - EXPLAIN IN NARRATIVE,HIGHLAND & HUNTER,39.16224,-86.5176,"39.16224,-86.5176"
902527906,2015-09-07,Weekend,0,1-Car,Non-incapacitating,RAN OFF ROAD RIGHT,JORDAN & UNIVERSITY,39.16014969,-86.51638984,"39.16014969,-86.51638984"
902527967,2015-09-07,Weekend,900,2-Car,No injury/unknown,FAILURE TO YIELD RIGHT OF WAY,MAXWELL & WOODLAWN,39.15781014,-86.52264006,"39.15781014,-86.52264006"
902528003,2015-09-07,Weekend,1100,2-Car,No injury/unknown,UNSAFE BACKING,SOUTH WALNUT,39.13914871,-86.5320816,"39.13914871,-86.5320816"
902528070,2015-09-06,Weekday,1600,1-Car,Incapacitating,OTHER (ENVIRONMENTAL) - EXPLAIN IN NARR,BAYWOOD,39.11796951,-86.54026794,"39.11796951,-86.54026794"
902528087,2015-09-07,Weekend,1300,1-Car,Non-incapacitating,DRIVER DISTRACTED - EXPLAIN IN NARRATIVE,BILL MALLORY BLVD & SR446S,39.05337208,-86.47154938,"39.05337208,-86.47154938"
902528178,2015-09-06,Weekend,2000,2-Car,No injury/unknown,IMPROPER PASSING,CURRY & SR46W,39.19377136,-86.57111093,"39.19377136,-86.57111093"