Master Record Number,Date,Weekend?,Hour,Collision Type,Injury Type,Primary Factor,Reported_Location,Latitude,Longitude,Location
902528179,2015-09-06,Weekday,1400,1-Car,No injury/unknown,UNSAFE BACKING,S JOHNSON,39.16666514,-86.564992,"39.16666514,-86.564992"
902528198,2015-09-07,Weekend,2000,2-Car,No injury/unknown,OTHER (DRIVER) - EXPLAIN IN NARRATIVE,S COLLEGE,39.17088686,-86.534768,"39.17088686,-86.534768"
902528232,2015-09-07,Weekend,2000,2-Car,No injury/unknown,UNSAFE BACKING,3021 E 3RD & S KINGSTON,39.16424,-86.492944,"39.16424,-86.492944"
902528252,2015-09-07,Weekend,2300,2-Car,No injury/unknown,UNSAFE LANE MOVEMENT,E 3RD & S HIGHLAND,39.16427024,-86.51772022,"39.16427024,-86.51772022"
902528268,2015-09-01,Weekend,400,2-Car,No injury/unknown,UNSAFE LANE MOVEMENT,3RD & COLLEGE,39.11172794,-86.53489977,"39.11172794,-86.53489977"
902528364,2015-09-01,Weekend,1300,2-Car,No injury/unknown,DISREGARD SIGNAL/REG SIGN,ATWATER & HENDERSON,39.16313969,-86.52727022,"39.16313969,-86.52727022"
902528379,2015-09-01,Weekend,1300,2-Car,Incapacitating,FAILURE TO YIELD RIGHT OF WAY,SOUTH WALNUT & WEST GRIMES,39.15344,-86.5336,"39.15344,-86.5336"
902528421,2015-09-01,Weekend,0,2-Car,No injury/unknown,OTHER (DRIVER) - EXPLAIN IN NARRATIVE,E MESA,39.09961555,-86.49080387,"39.09961555,-86.49080387"
902528447,2015-09-01,Weekend,1700,2-Car,No injury/unknown,IMPROPER TURNING,E 10TH,39.171504,-86.512288,"39.171504,-86.512288"
902528507,2015-09-01,Weekday,2000,2-Car,No injury/unknown,FOLLOWING TOO CLOSELY,3RD & SWAIN,39.16425012,-86.51525996,"39.16425012,-86.51525996"
902528516,2015-09-01,Weekend,1400,2-Car,Non-incapacitating,LEFT OF CENTER,BLOOMFIELD & RANSOM,39.15925987,-86.55527986,"39.15925987,-86.55527986"
902528529,2015-09-01,Weekday,2100,3+ Cars,No injury/unknown,FOLLOWING TOO CLOSELY,10TH & SR4546S,39.176848,-86.478192,"39.176848,-86.478192"
902528681,2015-09-01,Weekend,100,1-Car,No injury/unknown,FOLLOWING TOO CLOSELY,BRIAR GATE & SR46W,39.21672821,-86.59638214,"39.21672821,-86.59638214"
902528719,2015-09-01,Weekend,1200,3+ Cars,No injury/unknown,DISREGARD SIGNAL/REG SIGN,SR46W & UNION VALLEY,39.215152,-86.5928,"39.215152,-86.5928"
902529243,2015-09-02,Weekday,1400,2-Car,Incapacitating,DRIVER DISTRACTED - EXPLAIN IN NARRATIVE,3RD & FRANKLIN,39.1647117,-86.57190497,"39.1647117,-86.57190497"
902529292,2015-09-02,Weekday,1700,2-Car,No injury/unknown,IMPROPER TURNING,3RD & WALNUT,39.16464,-86.5336,"39.16464,-86.5336"
902529327,2015-09-02,Weekday,1700,Cyclist,Non-incapacitating,BRAKE FAILURE OR DEFECTIVE,HILLVIEW & OLD STATE ROAD   37,39.207984,-86.529568,"39.207984,-86.529568"
902529337,2015-09-01,Weekday,2100,2-Car,No injury/unknown,UNSAFE SPEED,E WHISNAND & N OLD STATE RD 37,39.222544,-86.5172,"39.222544,-86.5172"
902529350,2015-09-02,Weekday,2000,2-Car,No injury/unknown,UNSAFE LANE MOVEMENT,19TH & N WALNUT,39.181552,-86.5336,"39.181552,-86.5336"
902529370,2015-09-02,Weekday,800,2-Car,Non-incapacitating,VIEW OBSTRUCTED,SR37N & SR46W,39.194144,-86.554592,"39.194144,-86.554592"
902529371,2015-09-02,Weekday,1100,2-Car,No injury/unknown,UNSAFE BACKING,ROGERS & THAT,39.11060667,-86.53987031,"39.11060667,-86.53987031"
902529374,2015-09-02,Weekday,2100,2-Car,No injury/unknown,DISREGARD SIGNAL/REG SIGN,3RD & CURRY,39.16463589,-86.58291865,"39.16463589,-86.58291865"
902529556,2015-09-03,Weekday,700,1-Car,No injury/unknown,IMPROPER LANE USAGE,7TH & 900 E 7TH,39.167648,-86.500096,"39.167648,-86.500096"
902529561,2015-09-03,Weekday,800,2-Car,Non-incapacitating,FOLLOWING TOO CLOSELY,ATWATER & CLIFTON,39.1630763,-86.50995276,"39.1630763,-86.50995276"
902529612,2015-09-03,Weekday,800,2-Car,No injury/unknown,LEFT OF CENTER,E ROGERS & S SPICEWOOD,39.13608,-86.501216,"39.13608,-86.501216"
902529681,2015-09-03,Weekday,1100,Bus,Incapacitating,DISREGARD SIGNAL/REG SIGN,E HILLSIDE & S WALNUT,39.150544,-86.5336,"39.150544,-86.5336"
902529778,2015-09-03,Weekday,1200,2-Car,No injury/unknown,FOLLOWING TOO CLOSELY,2ND & COLLEGE,39.16144,-86.534848,"39.16144,-86.534848"
902529797,2015-09-02,Weekday,2100,2-Car,Non-incapacitating,FAILURE TO YIELD RIGHT OF WAY,AUTO MALL & COVENANTER,39.15503003,-86.49611033,"39.15503003,-86.49611033"
902529803,2015-09-03,Weekday,1200,2-Car,No injury/unknown,UNSAFE SPEED,10TH & DUNN,39.17168,-86.528256,"39.17168,-86.528256"
902529816,2015-09-01,Weekday,2200,1-Car,No injury/unknown,SPEED TOO FAST FOR WEATHER CONDITIONS,ARLINGTON & MAPLE GROVE,39.19982711,-86.55963587,"39.19982711,-86.55963587"
902529817,2015-09-03,Weekday,1200,2-Car,Non-incapacitating,LEFT OF CENTER,N DUNN & OLD SR 37,39.208048,-86.528704,"39.208048,-86.528704"
902529890,2015-09-03,Weekday,1400,2-Car,No injury/unknown,FOLLOWING TOO CLOSELY,ATWATER & HENDERSON,39.16313969,-86.52727022,"39.16313969,-86.52727022"
902529899,2015-09-06,Weekday,1600,2-Car,Non-incapacitating,FAILURE TO YIELD RIGHT OF WAY,ARLINGTON & SR46,39.187184,-86.551408,"39.187184,-86.551408"
902529960,2015-09-03,Weekday,1400,2-Car,No injury/unknown,SPEED TOO FAST FOR WEATHER CONDITIONS,S WALKER & W 2ND,39.161648,-86.546128,"39.161648,-86.546128"
902529963,2015-09-03,Weekday,1600,Bus,No injury/unknown,OTHER (DRIVER) - EXPLAIN IN NARRATIVE,W DODDS,39.157728,-86.542544,"39.157728,-86.542544"
902529979,2015-09-03,Weekday,1700,2-Car,Non-incapacitating,SPEED TOO FAST FOR WEATHER CONDITIONS,KIRKWOOD & ROGERS,39.1666677,-86.53825522,"39.1666677,-86.53825522"
902529987,2015-09-03,Weekday,1700,2-Car,No injury/unknown,FAILURE TO YIELD RIGHT OF WAY,SOUTH LIBERTY & WEST 3RD,39.15932298,-86.57913006,"39.15932298,-86.57913006"
902529989,2015-09-03,Weekday,1700,2-Car,Incapacitating,FAILURE TO YIELD RIGHT OF WAY,CATHCART & SARE,39.14882004,-86.49905003,"39.14882004,-86.49905003"
902529996,2015-09-03,Weekday,1800,3+ Cars,No injury/unknown,FOLLOWING TOO CLOSELY,CONSTITUTION & LIBERTY,39.149552,-86.575936,"39.149552,-86.575936"
902530035,2015-09-03,Weekday,1700,Cyclist,Non-incapacitating,,JORDAN & THIRD,39.16426018,-86.51638312,"39.16426018,-86.51638312"
902530062,2015-09-03,Weekday,1600,2-Car,No injury/unknown,FOLLOWING TOO CLOSELY,GRIMES & S WALNUT,39.15344,-86.5336,"39.15344,-86.5336"
902530072,2015-09-03,Weekday,2000,2-Car,No injury/unknown,UNSAFE LANE MOVEMENT,E ATWATER & S SWAIN,39.163152,-86.515168,"39.163152,-86.515168"
902530074,2015-09-03,Weekday,1800,1-Car,No injury/unknown,RAN OFF ROAD RIGHT,N  BARR & N MT TABOR,39.273888,-86.621456,"39.273888,-86.621456"
902530106,2015-09-01,Weekend,1800,2-Car,No injury/unknown,FOLLOWING TOO CLOSELY,OLD RICHARDSON & SR446S,38.94191831,-86.42645263,"38.94191831,-86.42645263"
902530108,2015-09-03,Weekday,2100,1-Car,No injury/unknown,ANIMAL/OBJECT IN ROADWAY,E FARR & N FISH,39.306768,-86.476816,"39.306768,-86.476816"
902530215,2015-09-03,Weekday,1200,2-Car,No injury/unknown,DRIVER DISTRACTED - EXPLAIN IN NARRATIVE,S MAPLE & W 2ND,39.161568,-86.542096,"39.161568,-86.542096"
902530244,2015-09-05,Weekday,2000,2-Car,No injury/unknown,UNSAFE LANE MOVEMENT,N CURRY & VERNAL,39.179248,-86.5832,"39.179248,-86.5832"
902530254,2015-09-02,Weekday,900,2-Car,No injury/unknown,TIRE FAILURE OR DEFECTIVE,CURRY & GIFFORD,39.156896,-86.582704,"39.156896,-86.582704"
902530259,2015-09-02,Weekday,1400,1-Car,No injury/unknown,FAILURE TO YIELD RIGHT OF WAY,POINTE,39.03496933,-86.50923919,"39.03496933,-86.50923919"
902530412,2015-09-04,Weekday,700,2-Car,Incapacitating,LEFT OF CENTER,MAPLE GROVE & NORTH MAPLE GROVE,39.206352,-86.557696,"39.206352,-86.557696"
902530486,2015-09-03,Weekday,1200,Pedestrian,Non-incapacitating,OTHER (DRIVER) - EXPLAIN IN NARRATIVE,SOUTH JORDAN,39.1666165,-86.51632212,"39.1666165,-86.51632212"
902530603,2015-09-04,Weekday,1300,2-Car,Non-incapacitating,FAILURE TO YIELD RIGHT OF WAY,E 3RD & KINGSTON,39.16362294,-86.49298705,"39.16362294,-86.49298705"
902530610,2015-09-04,Weekday,1300,2-Car,No injury/unknown,FOLLOWING TOO CLOSELY,SR37S & SR45W,39.148144,-86.572992,"39.148144,-86.572992"
902530638,2015-09-04,Weekday,1600,1-Car,No injury/unknown,RAN OFF ROAD RIGHT,ADAMS & ALLEN,39.155952,-86.550592,"39.155952,-86.550592"
902530642,2015-09-04,Weekday,1100,1-Car,No injury/unknown,RAN OFF ROAD RIGHT,OLD STATE ROAD 37 NORTH & SAMPLE,39.25862029,-86.50123704,"39.25862029,-86.50123704"
902530643,2015-09-04,Weekday,1200,2-Car,No injury/unknown,UNSAFE BACKING,STATE ROAD 45,39.14186,-86.579917,"39.14186,-86.579917"
902530732,2015-09-04,Weekday,2000,2-Car,No injury/unknown,UNSAFE BACKING,DUNN & NINETEENTH,39.18101099,-86.52840377,"39.18101099,-86.52840377"
902530762,2015-09-04,Weekday,1800,2-Car,Incapacitating,FAILURE TO YIELD RIGHT OF WAY,SR46W & UNION VALLEY,39.215152,-86.5928,"39.215152,-86.5928"
902530784,2015-09-04,Weekday,2200,2-Car,No injury/unknown,UNSAFE BACKING,S WINSLOW,39.13781257,-86.52400286,"39.13781257,-86.52400286"
902530796,2015-09-04,Weekday,2300,2-Car,No injury/unknown,FAILURE TO YIELD RIGHT OF WAY,S ROGERS & W 2ND,39.16152,-86.538592,"39.16152,-86.538592"
902530804,2015-09-04,Weekday,2100,2-Car,No injury/unknown,IMPROPER LANE USAGE,COTTAGE GROVE & INDIANA,39.17264,-86.52880426,"39.17264,-86.52880426"
902530997,2015-10-05,Weekday,800,1-Car,Non-incapacitating,ANIMAL/OBJECT IN ROADWAY,FLATTWOODS ROAD & STATE ROAD 46 WEST,39.35839182,-86.65402002,"39.35839182,-86.65402002"
902531030,2015-10-05,Weekday,900,2-Car,No injury/unknown,FOLLOWING TOO CLOSELY,SR37S & SR45W,39.187344,-86.5552,"39.187344,-86.5552"
902531171,2015-10-05,Weekday,1300,1-Car,No injury/unknown,IMPROPER TURNING,E 17TH,39.17887431,-86.51463227,"39.17887431,-86.51463227"
902531190,2015-09-02,Weekday,1700,2-Car,No injury/unknown,FOLLOWING TOO CLOSELY,SPARKS & SR45W,39.08787871,-86.66946046,"39.08787871,-86.66946046"
902531191,2015-09-03,Weekday,1600,2-Car,No injury/unknown,FOLLOWING TOO CLOSELY,CONSTITUTION & LIBERTY,39.149552,-86.575936,"39.149552,-86.575936"
902531217,2015-10-05,Weekday,1500,2-Car,No injury/unknown,FOLLOWING TOO CLOSELY,SR37N & VERNAL,39.17580534,-86.56344483,"39.17580534,-86.56344483"
902531222,2015-09-04,Weekday,1900,2-Car,No injury/unknown,OVERCORRECTING/OVERSTEERING,E 6TH & WASHINGTON,39.167664,-86.5324,"39.167664,-86.5324"
902531242,2015-10-05,Weekday,1400,2-Car,No injury/unknown,FOLLOWING TOO CLOSELY,E SR 45 46 & WALNUT,39.186368,-86.5344,"39.186368,-86.5344"
902531324,2015-09-04,Weekday,1800,2-Car,No injury/unknown,IMPROPER TURNING,E 3RD,39.16424,-86.5161551,"39.16424,-86.5161551"
902531351,2015-10-05,Weekday,1600,2-Car,No injury/unknown,FAILURE TO YIELD RIGHT OF WAY,E 14TH & N INDIANA,39.176192,-86.52712,"39.176192,-86.52712"
902531367,2015-10-05,Weekday,1500,2-Car,No injury/unknown,FAILURE TO YIELD RIGHT OF WAY,E SOUTHERN & S HENDERSON,39.14984,-86.526944,"39.14984,-86.526944"
902531473,2015-10-05,Weekday,900,2-Car,Incapacitating,FAILURE TO YIELD RIGHT OF WAY,S WALNUT & W GRIMES,39.15344,-86.5336,"39.15344,-86.5336"
902531517,2015-10-06,Weekday,1300,2-Car,No injury/unknown,UNSAFE LANE MOVEMENT,E 3RD,39.16439273,-86.52394958,"39.16439273,-86.52394958"
902531526,2015-10-06,Weekday,600,1-Car,No injury/unknown,DRIVER ASLEEP OR FATIGUED,SR46E & WOODVIEW,39.15185852,-86.38188169,"39.15185852,-86.38188169"
902531636,2015-09-04,Weekday,2300,2-Car,No injury/unknown,UNSAFE BACKING,SOUTH WASHINGTON,39.16304779,-86.53251647,"39.16304779,-86.53251647"
902531755,2015-10-06,Weekday,1100,2-Car,No injury/unknown,FOLLOWING TOO CLOSELY,S LIBERTY & W CONSTITUTION,39.149552,-86.575936,"39.149552,-86.575936"
902531767,2015-10-06,Weekday,1100,2-Car,No injury/unknown,UNSAFE LANE MOVEMENT,E 3RD & S WILLIAMSBURG,39.16421563,-86.49657907,"39.16421563,-86.49657907"
902531783,2015-10-05,Weekday,1900,2-Car,No injury/unknown,IMPROPER TURNING,E 3RD & S JORDAN,39.16424,-86.5164,"39.16424,-86.5164"
902531785,2015-10-06,Weekday,1000,2-Car,No injury/unknown,,N GATES,39.16803807,-86.57621853,"39.16803807,-86.57621853"
902531964,2015-10-06,Weekday,1500,2-Car,No injury/unknown,FAILURE TO YIELD RIGHT OF WAY,3RD & PETE ELLIS,39.16424,-86.495088,"39.16424,-86.495088"
902532002,2015-10-06,Weekday,1700,2-Car,No injury/unknown,FAILURE TO YIELD RIGHT OF WAY,WASHINGTON & WILSON,39.151616,-86.5324,"39.151616,-86.5324"
902532017,2015-10-06,Weekday,1500,2-Car,No injury/unknown,FAILURE TO YIELD RIGHT OF WAY,JORDAN & LINGELBACH,39.177248,-86.512496,"39.177248,-86.512496"
902532067,2015-10-06,Weekday,1700,2-Car,No injury/unknown,UNSAFE BACKING,E 10TH,39.171472,-86.509376,"39.171472,-86.509376"
902532110,2015-10-06,Weekend,2000,2-Car,No injury/unknown,IMPROPER TURNING,S OAKDALE & W BLOOMFIELD,39.148544,-86.571504,"39.148544,-86.571504"
902532121,2015-09-04,Weekday,2000,2-Car,No injury/unknown,UNSAFE BACKING,W GORDON,39.12154418,-86.53386009,"39.12154418,-86.53386009"
902532174,2015-10-06,Weekday,1800,2-Car,No injury/unknown,OTHER (DRIVER) - EXPLAIN IN NARRATIVE,315 S COLLEGE MALL & E 3RD,39.16424,-86.4984,"39.16424,-86.4984"
902532210,2015-10-06,Weekend,2200,Pedestrian,Non-incapacitating,FAILURE TO YIELD RIGHT OF WAY,6TH & LINCOLN,39.16768,-86.530992,"39.16768,-86.530992"
902532214,2015-10-06,Weekend,2100,2-Car,No injury/unknown,FAILURE TO YIELD RIGHT OF WAY,E 10TH & N COLLEGE,39.171744,-86.534768,"39.171744,-86.534768"
902532227,2015-10-06,Weekday,1100,2-Car,No injury/unknown,FOLLOWING TOO CLOSELY,OLD STATE ROAD 37 & WALNUT,39.20704,-86.534704,"39.20704,-86.534704"
902532270,2015-10-07,Weekend,900,2-Car,No injury/unknown,UNSAFE BACKING,S PARK RIDGE,39.161678,-86.524314,"39.161678,-86.524314"
902532352,2015-10-07,Weekend,1200,2-Car,No injury/unknown,FOLLOWING TOO CLOSELY,DUNN & SR4546W,39.186352,-86.528496,"39.186352,-86.528496"
902532398,2015-10-07,Weekend,1100,2-Car,No injury/unknown,RAN OFF ROAD RIGHT,9TH & COLLEGE,39.170544,-86.534768,"39.170544,-86.534768"
902532516,2015-10-06,Weekday,1400,2-Car,No injury/unknown,FAILURE TO YIELD RIGHT OF WAY,SOUTH COLLEGE MALL,39.15118408,-86.49629211,"39.15118408,-86.49629211"
902532526,2015-10-06,Weekend,1900,2-Car,Non-incapacitating,LEFT OF CENTER,N DUNN & N OLD STATE ROAD 37,39.208048,-86.528704,"39.208048,-86.528704"
902532532,2015-10-07,Weekend,1700,2-Car,Non-incapacitating,UNSAFE BACKING,S LEONARD SPRINGS,39.142048,-86.582592,"39.142048,-86.582592"
902532533,2015-10-06,Weekday,1600,2-Car,No injury/unknown,FOLLOWING TOO CLOSELY,N CURRY & VERNAL,39.096736,-86.512288,"39.096736,-86.512288"
902532534,2015-10-06,Weekday,1800,1-Car,No injury/unknown,RAN OFF ROAD RIGHT,N BRUMMETTS CREEK & SR46E,39.22039032,-86.41083184,"39.22039032,-86.41083184"
902532536,2015-10-05,Weekday,2300,2-Car,No injury/unknown,UNSAFE LANE MOVEMENT,N COLLEGE & W KIRKWOOD,39.16664,-86.5348,"39.16664,-86.5348"
902532547,2015-10-07,Weekend,2000,Pedestrian,Non-incapacitating,UNSAFE BACKING,N TAMARACK,39.189968,-86.52128,"39.189968,-86.52128"
902532550,2015-10-05,Weekday,1700,2-Car,No injury/unknown,IMPROPER PASSING,SISCOE & SR46W,39.27146912,-86.67018609,"39.27146912,-86.67018609"
902532559,2015-10-06,Weekend,2000,2-Car,No injury/unknown,UNSAFE BACKING,W SR 45,39.14186096,-86.5799179,"39.14186096,-86.5799179"
902532574,2015-10-07,Weekend,300,1-Car,Incapacitating,SPEED TOO FAST FOR WEATHER CONDITIONS,E NEHRT & E ROBINSON,39.24065016,-86.44310024,"39.24065016,-86.44310024"
902532622,2015-10-01,Weekend,100,2-Car,No injury/unknown,UNSAFE BACKING,5TH & JEFFERSON,39.16664201,-86.506992,"39.16664201,-86.506992"
902532624,2015-10-01,Weekend,0,2-Car,No injury/unknown,DISREGARD SIGNAL/REG SIGN,E 10TH & N JORDAN,39.171552,-86.515728,"39.171552,-86.515728"
902532626,2015-10-01,Weekend,100,2-Car,No injury/unknown,FAILURE TO YIELD RIGHT OF WAY,10TH & JORDAN,39.17141518,-86.51574311,"39.17141518,-86.51574311"
902532745,2015-10-01,Weekend,1200,2-Car,Non-incapacitating,OTHER (DRIVER) - EXPLAIN IN NARRATIVE,N WALNUT & SR4546W,39.186368,-86.5344,"39.186368,-86.5344"
902532749,2015-10-01,Weekend,1300,2-Car,No injury/unknown,FOLLOWING TOO CLOSELY,2300 N WALNUT & BYPASS SR 45 46,39.187179,-86.533683,"39.187179,-86.533683"
902532765,2015-10-01,Weekend,1400,2-Car,No injury/unknown,FOLLOWING TOO CLOSELY,17TH & SR46E,39.17984,-86.507088,"39.17984,-86.507088"
902532770,2015-10-01,Weekend,900,2-Car,No injury/unknown,FAILURE TO YIELD RIGHT OF WAY,LOVE & SR46W,39.21898572,-86.60202298,"39.21898572,-86.60202298"
902532803,2015-10-01,Weekend,1400,2-Car,Non-incapacitating,FOLLOWING TOO CLOSELY,10TH & SUNRISE,39.17157993,-86.51249715,"39.17157993,-86.51249715"
902532850,2015-10-01,Weekend,1000,2-Car,No injury/unknown,UNSAFE BACKING,EAST 7TH,40.615528,-87.313484,"40.615528,-87.313484"
902532869,2015-10-01,Weekend,1700,Moped/Motorcycle,Non-incapacitating,UNSAFE SPEED,ATWATER & HIGH,39.14193194,-86.50846995,"39.14193194,-86.50846995"
902532891,2015-10-01,Weekend,1800,2-Car,No injury/unknown,OTHER (ENVIRONMENTAL) - EXPLAIN IN NARR,SHUFFLE CREEK,39.23206327,-86.41446911,"39.23206327,-86.41446911"
902532920,2015-10-01,Weekday,2100,2-Car,No injury/unknown,FOLLOWING TOO CLOSELY,EAST 14TH & NORTH WALNUT,39.175952,-86.53344,"39.175952,-86.53344"
902532925,2015-10-06,Weekday,1500,2-Car,No injury/unknown,LEFT OF CENTER,ROCKPORT & VICTOR,39.06010496,-86.60378321,"39.06010496,-86.60378321"
902532927,2015-10-06,Weekday,1800,2-Car,No injury/unknown,FOLLOWING TOO CLOSELY,MONROE DAM & S OLD STATE RD 37,39.01866987,-86.53944008,"39.01866987,-86.53944008"
902532934,2015-10-01,Weekend,1400,2-Car,No injury/unknown,OTHER (DRIVER) - EXPLAIN IN NARRATIVE,351 S LINCOLN & SMITH,39.162848,-86.53104,"39.162848,-86.53104"
902532943,2015-10-01,Weekend,1700,2-Car,No injury/unknown,DISREGARD SIGNAL/REG SIGN,N COLLEGE & W 11TH,39.173232,-86.534752,"39.173232,-86.534752"
902533049,2015-10-01,Weekend,100,1-Car,No injury/unknown,RAN OFF ROAD RIGHT,W ELWREN,39.10841805,-86.67433354,"39.10841805,-86.67433354"
902533383,2015-10-01,Weekend,1300,2-Car,No injury/unknown,FAILURE TO YIELD RIGHT OF WAY,11TH & COLLEGE,39.173232,-86.534752,"39.173232,-86.534752"
902533388,2015-10-01,Weekday,2000,2-Car,No injury/unknown,UNSAFE BACKING,BRANDON & E GRAHAM,39.10773674,-86.52556031,"39.10773674,-86.52556031"
902533551,2015-10-02,Weekday,1700,2-Car,No injury/unknown,FAILURE TO YIELD RIGHT OF WAY,2ND & COLLEGE MALL,39.160944,-86.497696,"39.160944,-86.497696"
902533585,2015-10-02,Weekday,1800,1-Car,No injury/unknown,OTHER (DRIVER) - EXPLAIN IN NARRATIVE,3904 SAGE & PEPPERIDGE,39.10782291,-86.524757,"39.10782291,-86.524757"
902533594,2015-10-02,Weekday,1900,2-Car,No injury/unknown,FOLLOWING TOO CLOSELY,17TH & JORDAN,39.178848,-86.511088,"39.178848,-86.511088"
902533692,2015-10-03,Weekday,200,2-Car,No injury/unknown,OTHER (DRIVER) - EXPLAIN IN NARRATIVE,W STATE ROAD 45,39.14186,-86.579917,"39.14186,-86.579917"
902533911,2015-09-04,Weekday,1200,2-Car,No injury/unknown,OTHER (DRIVER) - EXPLAIN IN NARRATIVE,N GATES,39.16987228,-86.57498168,"39.16987228,-86.57498168"
902533943,2015-10-03,Weekday,1100,2-Car,Non-incapacitating,FOLLOWING TOO CLOSELY,17TH & WALNUT,39.17896,-86.521088,"39.17896,-86.521088"
902533953,2015-10-03,Weekday,1000,Cyclist,No injury/unknown,FAILURE TO YIELD RIGHT OF WAY,3RD & CLARIZZ,39.16424,-86.4908,"39.16424,-86.4908"
902534127,2015-10-03,Weekday,1600,2-Car,No injury/unknown,OTHER (DRIVER) - EXPLAIN IN NARRATIVE,S ROGERS,39.15013123,-86.53823089,"39.15013123,-86.53823089"
902534135,2015-10-03,Weekday,1600,2-Car,No injury/unknown,FAILURE TO YIELD RIGHT OF WAY,20TH & DUNN,39.18184,-86.5284,"39.18184,-86.5284"
902536066,2015-10-06,Weekend,2200,2-Car,No injury/unknown,OTHER (DRIVER) - EXPLAIN IN NARRATIVE,LIBERTY,39.16283,-86.580238,"39.16283,-86.580238"
902536080,2015-10-07,Weekend,200,1-Car,No injury/unknown,UNSAFE BACKING,N COLLEGE & W 6TH,39.167648,-86.534784,"39.167648,-86.534784"
902536085,2015-10-06,Weekday,1100,1-Car,No injury/unknown,UNSAFE SPEED,FAIRFAX & SCHACHT,39.10704,-86.523488,"39.10704,-86.523488"
902536179,2015-10-07,Weekend,1200,2-Car,No injury/unknown,IMPROPER TURNING,E ATWATER & S HENDERSON,39.163344,-86.5272,"39.163344,-86.5272"
902536269,2015-10-05,Weekday,1700,2-Car,No injury/unknown,OTHER (DRIVER) - EXPLAIN IN NARRATIVE,SOUTH COLLEGE,39.16025925,-86.53553771,"39.16025925,-86.53553771"
902536298,2015-10-05,Weekday,2100,3+ Cars,No injury/unknown,FOLLOWING TOO CLOSELY,N FEE & SR4546S,39.186032,-86.51984,"39.186032,-86.51984"
902536311,2015-10-07,Weekend,1700,2-Car,No injury/unknown,FOLLOWING TOO CLOSELY,10TH,39.171648,-86.502096,"39.171648,-86.502096"
902536321,2015-10-07,Weekend,1700,2-Car,No injury/unknown,FAILURE TO YIELD RIGHT OF WAY,17TH & LINCOLN,39.17904,-86.530848,"39.17904,-86.530848"
902536363,2015-10-06,Weekday,1500,1-Car,No injury/unknown,OTHER (VEHICLE) - EXPLAIN IN NARRATIVE,S HANDY,39.092688,-86.483568,"39.092688,-86.483568"
902536395,2015-10-07,Weekend,600,1-Car,Non-incapacitating,RAN OFF ROAD RIGHT,S ROGERS & W FAIRWAY,39.132144,-86.5384,"39.132144,-86.5384"
902536453,2015-10-06,Weekday,1200,2-Car,No injury/unknown,OTHER (DRIVER) - EXPLAIN IN NARRATIVE,7TH & GRANT,39.16864,-86.52916675,"39.16864,-86.52916675"
902536487,2015-10-01,Weekend,100,1-Car,No injury/unknown,UNSAFE BACKING,100 E DIXIE & S WALNUT,39.156544,-86.5336,"39.156544,-86.5336"
902536582,2015-10-01,Weekend,1200,2-Car,No injury/unknown,UNSAFE BACKING,N MADISON & W 6TH,39.167664,-86.537296,"39.167664,-86.537296"
902536665,2015-10-04,Weekday,2000,1-Car,No injury/unknown,ANIMAL/OBJECT IN ROADWAY,E MONROE DAM & SR37,39.0146275,-86.537088,"39.0146275,-86.537088"
902536756,2015-10-01,Weekday,2000,1-Car,Non-incapacitating,UNSAFE SPEED,S YANCY & W 3RD,39.16455992,-86.56948015,"39.16455992,-86.56948015"
902536758,2015-10-01,Weekday,2100,2-Car,No injury/unknown,FOLLOWING TOO CLOSELY,SR45 & SR46,39.1464386,-86.57504272,"39.1464386,-86.57504272"
902537148,2015-10-06,Weekday,1400,2-Car,No injury/unknown,FOLLOWING TOO CLOSELY,ARLINGTON,39.187184,-86.551408,"39.187184,-86.551408"
902537149,2015-10-01,Weekend,800,2-Car,No injury/unknown,DISREGARD SIGNAL/REG SIGN,SR37S & SR46E,39.30670166,-86.5161972,"39.30670166,-86.5161972"
902537276,2015-10-07,Weekend,1100,2-Car,No injury/unknown,UNSAFE BACKING,DAVIS & LINCOLN,39.15417977,-86.53133115,"39.15417977,-86.53133115"
902537279,2015-10-02,Weekday,1000,2-Car,No injury/unknown,UNSAFE BACKING,WEST 17,39.17937088,-86.5461502,"39.17937088,-86.5461502"
902537562,2015-10-02,Weekday,1500,2-Car,No injury/unknown,UNSAFE BACKING,S BRANDON,39.13836345,-86.52552276,"39.13836345,-86.52552276"
902537620,2015-10-02,Weekday,400,2-Car,No injury/unknown,FAILURE TO YIELD RIGHT OF WAY,E 9TH & N LICOLN,39.1704601,-86.53104007,"39.1704601,-86.53104007"
902537674,2015-10-02,Weekday,1500,2-Car,No injury/unknown,FOLLOWING TOO CLOSELY,N DANIELS & ZENITH,39.17015031,-86.59829981,"39.17015031,-86.59829981"