Master Record Number,Date,Weekend?,Hour,Collision Type,Injury Type,Primary Factor,Reported_Location,Latitude,Longitude,Location
902545312,2015-10-07,Weekend,1600,1-Car,No injury/unknown,RAN OFF ROAD RIGHT,W REEVES,39.24152825,-86.68116535,"39.24152825,-86.68116535"
902545314,2015-10-07,Weekend,1800,2-Car,No injury/unknown,FAILURE TO YIELD RIGHT OF WAY,BLACK OAKS & ROBINSON,39.24069106,-86.44136351,"39.24069106,-86.44136351"
902545439,2015-10-07,Weekend,500,1-Car,No injury/unknown,ANIMAL/OBJECT IN ROADWAY,SR45N & W 3RD,39.164752,-86.573104,"39.164752,-86.573104"
902545450,2015-10-01,Weekend,700,2-Car,No injury/unknown,FAILURE TO YIELD RIGHT OF WAY,SR37S & VERNAL,39.17856339,-86.56000817,"39.17856339,-86.56000817"
902545451,2015-10-07,Weekend,800,Pedestrian,Non-incapacitating,PEDESTRIAN ACTION,KINSER & SR4546W,39.186544,-86.537888,"39.186544,-86.537888"
902545518,2015-10-07,Weekend,1500,2-Car,No injury/unknown,FOLLOWING TOO CLOSELY,E 3RD ST & S PETE ELLIS,39.16424,-86.495088,"39.16424,-86.495088"
902545643,2015-10-07,Weekend,1100,2-Car,No injury/unknown,OTHER (DRIVER) - EXPLAIN IN NARRATIVE,E MAXWELL & S STULL,39.15792,-86.52472,"39.15792,-86.52472"
902545678,2015-10-01,Weekend,1500,2-Car,No injury/unknown,FAILURE TO YIELD RIGHT OF WAY,FEE & SR4546W,39.186032,-86.51984,"39.186032,-86.51984"
902545685,2015-10-01,Weekday,2000,2-Car,Incapacitating,,E MORNINGSIDE & N SMITH,39.166432,-86.4812,"39.166432,-86.4812"
902545688,2015-10-07,Weekend,1500,2-Car,Incapacitating,OVERCORRECTING/OVERSTEERING,SR37N & WINERY,39.24858074,-86.52267895,"39.24858074,-86.52267895"
902545691,2015-10-01,Weekend,1600,2-Car,No injury/unknown,FOLLOWING TOO CLOSELY,BURMA & SR37N,39.31561299,-86.51117113,"39.31561299,-86.51117113"
902545703,2015-10-01,Weekend,1700,2-Car,Non-incapacitating,FOLLOWING TOO CLOSELY,S WYNNEDALE & W 3RD,39.16455992,-86.57019026,"39.16455992,-86.57019026"
902546016,2015-10-02,Weekday,800,2-Car,No injury/unknown,FAILURE TO YIELD RIGHT OF WAY,SALE & SR46,39.23384,-86.624704,"39.23384,-86.624704"
902546099,2015-10-02,Weekday,1100,2-Car,No injury/unknown,UNSAFE BACKING,S LIBERTY,39.145264,-86.577616,"39.145264,-86.577616"
902546205,2015-10-02,Weekday,1200,2-Car,No injury/unknown,FAILURE TO YIELD RIGHT OF WAY,N COLLEGE & W 9TH,39.170544,-86.534768,"39.170544,-86.534768"
902546238,2015-10-01,Weekend,1300,2-Car,No injury/unknown,UNSAFE BACKING,STATE ROAD 48,39.16435242,-86.61186981,"39.16435242,-86.61186981"
902546240,2015-10-02,Weekday,1200,2-Car,No injury/unknown,FAILURE TO YIELD RIGHT OF WAY,E HILLSIDE & OLIVE,39.150656,-86.5188,"39.150656,-86.5188"
902546410,2015-10-02,Weekday,1700,2-Car,No injury/unknown,FOLLOWING TOO CLOSELY,EAST 17TH & WALNUT GROVE,39.1790197,-86.5210998,"39.1790197,-86.5210998"
902546415,2015-10-02,Weekday,1700,2-Car,No injury/unknown,UNSAFE BACKING,E LINGELBACH,39.17782679,-86.50843776,"39.17782679,-86.50843776"
902546422,2015-09-07,Weekend,2100,2-Car,No injury/unknown,,W BRANCH,39.15678,-86.546569,"39.15678,-86.546569"
902546487,2015-10-02,Weekday,1900,2-Car,No injury/unknown,UNSAFE BACKING,EAST 3RD,39.0803238,-86.51676334,"39.0803238,-86.51676334"
902546516,2015-10-02,Weekday,1600,2-Car,Non-incapacitating,FAILURE TO YIELD RIGHT OF WAY,E ATWATER & S HENDERSON,39.16313969,-86.52727022,"39.16313969,-86.52727022"
902546557,2015-10-02,Weekday,500,2-Car,No injury/unknown,FOLLOWING TOO CLOSELY,S BUNGER & SR45W,39.12936,-86.604336,"39.12936,-86.604336"
902546711,2015-10-02,Weekday,1200,2-Car,No injury/unknown,OTHER (DRIVER) - EXPLAIN IN NARRATIVE,GRIMES & WALNUT,39.15335029,-86.53371021,"39.15335029,-86.53371021"
902546721,2015-10-03,Weekday,800,2-Car,Non-incapacitating,FOLLOWING TOO CLOSELY,E 10TH & N SMITH,39.172752,-86.482288,"39.172752,-86.482288"
902546797,2015-10-03,Weekday,900,Bus,No injury/unknown,FOLLOWING TOO CLOSELY,ADAMS & KIRKWOOD,39.166816,-86.549488,"39.166816,-86.549488"
902546814,2015-10-06,Weekday,1300,2-Car,No injury/unknown,FOLLOWING TOO CLOSELY,CAPITOL & SR46W,39.22319326,-86.60910588,"39.22319326,-86.60910588"
902546894,2015-10-03,Weekday,1100,2-Car,No injury/unknown,FOLLOWING TOO CLOSELY,E 3RD & MITCHELL,39.16424,-86.514096,"39.16424,-86.514096"
902546918,2015-10-03,Weekday,1100,1-Car,No injury/unknown,ROADWAY SURFACE CONDITION,N DUNN & N OLD STATE ROAD 37,39.208048,-86.528704,"39.208048,-86.528704"
902546933,2015-10-03,Weekday,1100,2-Car,No injury/unknown,OVERCORRECTING/OVERSTEERING,BASSWOOD & BLOOMFIELD,39.14977205,-86.56891458,"39.14977205,-86.56891458"
902566711,2015-11-05,Weekday,800,1-Car,No injury/unknown,OTHER (DRIVER) - EXPLAIN IN NARRATIVE,MATTHEWS & VINE,39.23532177,-86.62544776,"39.23532177,-86.62544776"
902566753,2015-11-04,Weekday,1500,2-Car,No injury/unknown,SPEED TOO FAST FOR WEATHER CONDITIONS,S BREEDEN & SR45W,39.0881573,-86.66901213,"39.0881573,-86.66901213"
902566786,2015-11-05,Weekday,1700,2-Car,No injury/unknown,FAILURE TO YIELD RIGHT OF WAY,10TH & WOODLAWN,39.171632,-86.523536,"39.171632,-86.523536"
902566807,2015-11-05,Weekday,1400,3+ Cars,Non-incapacitating,DRIVER DISTRACTED - EXPLAIN IN NARRATIVE,1ST & COLLEGE,39.16026391,-86.53486682,"39.16026391,-86.53486682"
902566845,2015-11-05,Weekday,1700,2-Car,No injury/unknown,FOLLOWING TOO CLOSELY,E 10TH & N JORDAN,39.171552,-86.515728,"39.171552,-86.515728"
902566917,2015-11-05,Weekday,1800,3+ Cars,No injury/unknown,FOLLOWING TOO CLOSELY,NORTH KINSER & SR46E,39.18662255,-86.53964972,"39.18662255,-86.53964972"
902566983,2015-11-06,Weekday,0,1-Car,No injury/unknown,RAN OFF ROAD RIGHT,WEST WALCOTT & WEST WOODYARD,39.201488,-86.601968,"39.201488,-86.601968"
902566992,2015-11-05,Weekday,2100,2-Car,No injury/unknown,FAILURE TO YIELD RIGHT OF WAY,E MOORES PIKE & S CLARIZZ,39.15033948,-86.49132414,"39.15033948,-86.49132414"
902567073,2015-11-05,Weekday,1100,2-Car,Non-incapacitating,FAILURE TO YIELD RIGHT OF WAY,3RD & LIBERTY,39.16461021,-86.57908677,"39.16461021,-86.57908677"
902567092,2015-11-06,Weekday,1300,2-Car,No injury/unknown,,NORTH INDIANA,39.17588806,-86.52718353,"39.17588806,-86.52718353"
902567196,2015-11-06,Weekday,900,2-Car,No injury/unknown,IMPROPER TURNING,S HIGHLAND,39.14185333,-86.51425933,"39.14185333,-86.51425933"
902567213,2015-11-04,Weekday,700,3+ Cars,No injury/unknown,RAN OFF ROAD RIGHT,MOFFETT,39.09947968,-86.51124579,"39.09947968,-86.51124579"
902567284,2015-11-06,Weekday,1200,2-Car,No injury/unknown,UNSAFE BACKING,EAST THIRD,39.163619,-86.49514,"39.163619,-86.49514"
902567311,2015-11-06,Weekday,1200,2-Car,Incapacitating,FAILURE TO YIELD RIGHT OF WAY,N FRITIZ & N WALNUT,39.22312501,-86.53308995,"39.22312501,-86.53308995"
902567330,2015-11-04,Weekday,1700,2-Car,No injury/unknown,UNSAFE BACKING,SOUTH WALNUT,39.13630217,-86.53103537,"39.13630217,-86.53103537"
902567388,2015-11-06,Weekday,1500,2-Car,No injury/unknown,FAILURE TO YIELD RIGHT OF WAY,MONROE & SR46W,39.186944,-86.5468,"39.186944,-86.5468"
902567437,2015-11-06,Weekday,1600,2-Car,No injury/unknown,FAILURE TO YIELD RIGHT OF WAY,EAST 3RD & KINGSTON,39.16424,-86.492944,"39.16424,-86.492944"
902567469,2015-11-06,Weekday,1700,2-Car,No injury/unknown,FAILURE TO YIELD RIGHT OF WAY,3RD & SWAIN,39.16425012,-86.51525996,"39.16425012,-86.51525996"
902567473,2015-11-05,Weekday,2100,2-Car,No injury/unknown,,10TH & 800 N SMITH,39.172752,-86.482288,"39.172752,-86.482288"
902567533,2015-11-06,Weekend,2000,2-Car,No injury/unknown,FOLLOWING TOO CLOSELY,LOVE & SR46W,39.2187363,-86.60160144,"39.2187363,-86.60160144"
902567635,2015-11-06,Weekend,2300,1-Car,No injury/unknown,ANIMAL/OBJECT IN ROADWAY,SR46 & WOODVIEW,39.15156773,-86.38607313,"39.15156773,-86.38607313"
902547018,2015-10-03,Weekday,1200,2-Car,No injury/unknown,FOLLOWING TOO CLOSELY,S LANDMARK & W BLOOMFIELD,39.15993981,-86.55382007,"39.15993981,-86.55382007"
902547121,2015-10-03,Weekday,1500,1-Car,Non-incapacitating,IMPROPER TURNING,3RD & SR4546E,39.164448,-86.471888,"39.164448,-86.471888"
902547203,2015-10-03,Weekday,1700,2-Car,Non-incapacitating,FOLLOWING TOO CLOSELY,CONSTITUTION & LIBERTY,39.14872891,-86.57591446,"39.14872891,-86.57591446"
902547207,2015-10-03,Weekday,1500,2-Car,No injury/unknown,FOLLOWING TOO CLOSELY,KIRKWOOD & WALNUT,39.16664,-86.5336,"39.16664,-86.5336"
902547262,2015-10-03,Weekday,1800,2-Car,Incapacitating,SPEED TOO FAST FOR WEATHER CONDITIONS,KINSER & SR46W,39.186544,-86.537888,"39.186544,-86.537888"
902547271,2015-10-03,Weekday,1900,2-Car,Non-incapacitating,SPEED TOO FAST FOR WEATHER CONDITIONS,10TH & JORDAN,39.1723724,-86.51562955,"39.1723724,-86.51562955"
902547276,2015-10-03,Weekday,1900,2-Car,No injury/unknown,IMPROPER TURNING,10TH & COLLEGE,39.171744,-86.534768,"39.171744,-86.534768"
902547281,2015-10-03,Weekday,1800,2-Car,No injury/unknown,DRIVER DISTRACTED - EXPLAIN IN NARRATIVE,ATWATER & WOODLAWN,39.16312024,-86.52261432,"39.16312024,-86.52261432"
902547297,2015-10-02,Weekday,1900,2-Car,Incapacitating,DISREGARD SIGNAL/REG SIGN,KINSER & SR45E,39.186544,-86.537888,"39.186544,-86.537888"
902547305,2015-10-03,Weekday,2000,2-Car,No injury/unknown,,N WALNUT,39.193952,-86.533296,"39.193952,-86.533296"
902547335,2015-10-03,Weekday,2000,2-Car,Non-incapacitating,SPEED TOO FAST FOR WEATHER CONDITIONS,HILLSIDE & NANCY,39.15050983,-86.51106029,"39.15050983,-86.51106029"
902547366,2015-10-03,Weekday,1400,2-Car,No injury/unknown,BRAKE FAILURE OR DEFECTIVE,14TH & N WALNUT,39.175952,-86.53344,"39.175952,-86.53344"
902547378,2015-10-03,Weekday,1900,3+ Cars,No injury/unknown,SPEED TOO FAST FOR WEATHER CONDITIONS,S FRANKLIN & W 3RD,39.164688,-86.5712,"39.164688,-86.5712"
902547654,2015-10-04,Weekday,1000,2-Car,No injury/unknown,FOLLOWING TOO CLOSELY,COLLEGE MALL & E3RD,39.16424,-86.4984,"39.16424,-86.4984"
902547655,2015-10-04,Weekday,700,2-Car,Incapacitating,OTHER (DRIVER) - EXPLAIN IN NARRATIVE,PATTERSON & ROGERS,39.15379018,-86.53875008,"39.15379018,-86.53875008"
902547706,2015-10-04,Weekday,1000,2-Car,No injury/unknown,FOLLOWING TOO CLOSELY,2ND & PATTERSON,39.16074984,-86.54850997,"39.16074984,-86.54850997"
902547780,2015-10-03,Weekday,1600,2-Car,No injury/unknown,SPEED TOO FAST FOR WEATHER CONDITIONS,S WALNUT & W GRIMES,39.15344,-86.5336,"39.15344,-86.5336"
902547907,2015-10-04,Weekday,1300,2-Car,No injury/unknown,BRAKE FAILURE OR DEFECTIVE,17TH & SR4546E,39.17984,-86.507088,"39.17984,-86.507088"
902547992,2015-10-03,Weekday,1400,2-Car,Incapacitating,DISREGARD SIGNAL/REG SIGN,3RD & SR37S,39.164752,-86.573104,"39.164752,-86.573104"
902548057,2015-10-02,Weekday,1400,2-Car,No injury/unknown,FAILURE TO YIELD RIGHT OF WAY,LEONARD SPRINGS & SR45W,39.14184549,-86.5830501,"39.14184549,-86.5830501"
902548064,2015-10-03,Weekday,1700,2-Car,No injury/unknown,SPEED TOO FAST FOR WEATHER CONDITIONS,E RHORER & S WALNUT STREET,39.12141648,-86.53135125,"39.12141648,-86.53135125"
902548065,2015-10-03,Weekday,1900,1-Car,Non-incapacitating,RAN OFF ROAD RIGHT,FAIRFAX & WALNUT STREET,39.24442432,-86.52650724,"39.24442432,-86.52650724"
902548091,2015-10-04,Weekday,1400,2-Car,No injury/unknown,SPEED TOO FAST FOR WEATHER CONDITIONS,HENDERSON & HILLSIDE,39.15064,-86.52696,"39.15064,-86.52696"
902548115,2015-10-04,Weekday,1600,Pedestrian,Incapacitating,FAILURE TO YIELD RIGHT OF WAY,JORDAN & LAW,39.173552,-86.515488,"39.173552,-86.515488"
902548247,2015-10-04,Weekday,2000,1-Car,Incapacitating,DRIVER DISTRACTED - EXPLAIN IN NARRATIVE,E KIRKWOOD & N DUNN,39.16664,-86.528192,"39.16664,-86.528192"
902548404,2015-10-05,Weekday,800,2-Car,No injury/unknown,FOLLOWING TOO CLOSELY,E3RD & S WALNUT,39.16464,-86.5336,"39.16464,-86.5336"
902548461,2015-10-04,Weekday,800,2-Car,No injury/unknown,FOLLOWING TOO CLOSELY,ANNA LEE & BLOOMFIELD,39.15802002,-86.55759997,"39.15802002,-86.55759997"
902548815,2015-10-05,Weekday,1600,2-Car,No injury/unknown,FAILURE TO YIELD RIGHT OF WAY,15TH & DUNN,39.176944,-86.528272,"39.176944,-86.528272"
902548965,2015-10-05,Weekday,2200,2-Car,No injury/unknown,FOLLOWING TOO CLOSELY,17TH,39.17984,-86.507088,"39.17984,-86.507088"
902549055,2015-10-05,Weekday,2100,2-Car,No injury/unknown,UNSAFE BACKING,S LIBERTY,39.189248,-86.531472,"39.189248,-86.531472"
902549056,2015-10-05,Weekday,2300,2-Car,No injury/unknown,UNSAFE BACKING,N WOODBURN & W 13TH,39.17549998,-86.5360102,"39.17549998,-86.5360102"
902549155,2015-10-06,Weekday,800,Bus,No injury/unknown,RAN OFF ROAD RIGHT,E WINSLOW & S HENDERSON,39.136144,-86.5268,"39.136144,-86.5268"
902549237,2015-10-05,Weekday,1400,2-Car,No injury/unknown,FAILURE TO YIELD RIGHT OF WAY,FLATWOODS & SR46W,39.24949408,-86.65024812,"39.24949408,-86.65024812"
902549269,2015-10-06,Weekday,900,2-Car,Non-incapacitating,DISREGARD SIGNAL/REG SIGN,DODDS & ROGERS,39.15747017,-86.53869979,"39.15747017,-86.53869979"
902549319,2015-10-06,Weekday,1000,2-Car,No injury/unknown,,N GATES,39.16987228,-86.57498168,"39.16987228,-86.57498168"
902549386,2015-10-06,Weekday,1400,2-Car,Non-incapacitating,FOLLOWING TOO CLOSELY,3RD & CLIFTON,39.1642803,-86.50968968,"39.1642803,-86.50968968"
902549467,2015-10-06,Weekday,1400,3+ Cars,No injury/unknown,FOLLOWING TOO CLOSELY,ATWATER & S PARK,39.16311018,-86.52403877,"39.16311018,-86.52403877"
902549470,2015-10-05,Weekday,100,1-Car,No injury/unknown,IMPROPER LANE USAGE,ACADIA,39.13603116,-86.518496,"39.13603116,-86.518496"
902549513,2015-10-06,Weekday,1300,2-Car,No injury/unknown,FOLLOWING TOO CLOSELY,11TH & ROGERS,39.173184,-86.538528,"39.173184,-86.538528"
902549691,2015-10-05,Weekday,2100,2-Car,No injury/unknown,UNSAFE LANE MOVEMENT,4TH & INDIANA,39.16619692,-86.52687456,"39.16619692,-86.52687456"
902549745,2015-10-06,Weekend,2000,3+ Cars,No injury/unknown,FOLLOWING TOO CLOSELY,RANGE,39.171504,-86.495312,"39.171504,-86.495312"
902549756,2015-10-06,Weekday,1400,2-Car,No injury/unknown,,123 S KINGSTON & LONGVIEW,39.166848,-86.4928,"39.166848,-86.4928"
902549767,2015-10-06,Weekday,1700,2-Car,No injury/unknown,FOLLOWING TOO CLOSELY,HEATHER & WALNUT ST,39.123856,-86.526656,"39.123856,-86.526656"
902549778,2015-10-06,Weekend,2100,2-Car,Non-incapacitating,FAILURE TO YIELD RIGHT OF WAY,E 10TH & N INDIANA,39.17168,-86.527024,"39.17168,-86.527024"
902549826,2015-10-06,Weekend,2300,2-Car,No injury/unknown,DISREGARD SIGNAL/REG SIGN,3RD & COLLEGE MALL,39.16424,-86.4984,"39.16424,-86.4984"
902549847,2015-10-06,Weekend,2300,Pedestrian,Non-incapacitating,PEDESTRIAN ACTION,ATWATER & JORDAN,39.16304983,-86.51638984,"39.16304983,-86.51638984"
902549851,2015-10-07,Weekend,400,1-Car,No injury/unknown,HOLES/RUTS IN SURFACE,DAISY,39.22788754,-86.60496175,"39.22788754,-86.60496175"
902549952,2015-10-07,Weekend,900,1-Car,No injury/unknown,OTHER (DRIVER) - EXPLAIN IN NARRATIVE,S ROLLING RIDGE & W BLOOMFIELD,39.15496029,-86.56322993,"39.15496029,-86.56322993"
902550075,2015-10-05,Weekday,1600,2-Car,No injury/unknown,UNSAFE BACKING,SOUTH ENDWRIGHT,39.14486311,-86.59636996,"39.14486311,-86.59636996"
902550086,2015-10-05,Weekday,1400,2-Car,No injury/unknown,FOLLOWING TOO CLOSELY,SR37S & W VICTOR,39.105552,-86.551104,"39.105552,-86.551104"
902550087,2015-10-05,Weekday,1600,3+ Cars,Incapacitating,FOLLOWING TOO CLOSELY,SR45W & W AIRPORT,39.13591678,-86.59513562,"39.13591678,-86.59513562"
902550114,2015-10-05,Weekday,100,1-Car,No injury/unknown,IMPROPER TURNING,ACADIA & EAST WINSLOW,39.136048,-86.518496,"39.136048,-86.518496"
902550167,2015-10-07,Weekend,1900,2-Car,Non-incapacitating,FAILURE TO YIELD RIGHT OF WAY,E 10TH & N INDIANA,39.17168,-86.527024,"39.17168,-86.527024"
902550177,2015-10-07,Weekend,2000,2-Car,No injury/unknown,FAILURE TO YIELD RIGHT OF WAY,S MADISON & W KIRKWOOD,39.166656,-86.537296,"39.166656,-86.537296"
902550283,2015-10-07,Weekend,2000,1-Car,No injury/unknown,OTHER (DRIVER) - EXPLAIN IN NARRATIVE,6TH & WALDRON,39.167696,-86.5436,"39.167696,-86.5436"
902550285,2015-10-07,Weekend,2000,2-Car,No injury/unknown,FAILURE TO YIELD RIGHT OF WAY,E 3RD & S OVERHILL,39.164272,-86.501488,"39.164272,-86.501488"
902550302,2015-11-01,Weekend,100,2-Car,No injury/unknown,FAILURE TO YIELD RIGHT OF WAY,E 10TH & N INDIANA,39.17168,-86.527024,"39.17168,-86.527024"
902550308,2015-11-01,Weekend,0,1-Car,No injury/unknown,SPEED TOO FAST FOR WEATHER CONDITIONS,E 19TH & N DUNN,39.18104,-86.5284,"39.18104,-86.5284"
902550328,2015-11-01,Weekend,100,1-Car,No injury/unknown,SPEED TOO FAST FOR WEATHER CONDITIONS,ELM & KIRKWOOD,39.166768,-86.5452,"39.166768,-86.5452"
902550332,2015-10-07,Weekend,2300,2-Car,No injury/unknown,FAILURE TO YIELD RIGHT OF WAY,E 3RD & S WASHINGTON,39.16464,-86.5324,"39.16464,-86.5324"
902550877,2015-11-01,Weekend,1300,2-Car,No injury/unknown,IMPROPER TURNING,AZALEA & HIGHLAND,39.14445341,-86.51739825,"39.14445341,-86.51739825"
902551017,2015-11-01,Weekend,1700,2-Car,No injury/unknown,FOLLOWING TOO CLOSELY,10 TH & SR46E,38.96016476,-86.53102874,"38.96016476,-86.53102874"
902551096,2015-11-01,Weekend,1500,2-Car,No injury/unknown,,202 E DODDS & LINCOLN,39.180675,-86.53162494,"39.180675,-86.53162494"
902551213,2015-11-01,Weekend,1700,2-Car,No injury/unknown,FOLLOWING TOO CLOSELY,SOUTH PATTERSON & WEST 3RD,39.16344009,-86.55128002,"39.16344009,-86.55128002"
902551297,2015-10-04,Weekday,2100,1-Car,No injury/unknown,UNSAFE BACKING,W HENNESSEY,39.12535477,-86.55380249,"39.12535477,-86.55380249"
902551306,2015-11-01,Weekday,2100,1-Car,No injury/unknown,ANIMAL/OBJECT IN ROADWAY,POPLAR & SR46W,39.23852734,-86.62993739,"39.23852734,-86.62993739"
902551417,2015-11-01,Weekend,100,1-Car,No injury/unknown,SPEED TOO FAST FOR WEATHER CONDITIONS,LAW & UNION,39.17234033,-86.50966018,"39.17234033,-86.50966018"
902551578,2015-11-02,Weekday,700,2-Car,No injury/unknown,FOLLOWING TOO CLOSELY,E WINSLOW & S WALNUT,39.136144,-86.528688,"39.136144,-86.528688"
902551587,2015-11-02,Weekday,700,2-Car,No injury/unknown,FOLLOWING TOO CLOSELY,HENDERSON & SOUTH,39.14200667,-86.5268,"39.14200667,-86.5268"
902551597,2015-10-06,Weekday,1500,2-Car,No injury/unknown,DISREGARD SIGNAL/REG SIGN,HARTSTRAIGHT & TEMPERANCE,39.22766022,-86.61594003,"39.22766022,-86.61594003"
902551688,2015-11-02,Weekday,800,2-Car,No injury/unknown,UNSAFE SPEED,10TH & WALNUT,39.1716,-86.520896,"39.1716,-86.520896"
902551823,2015-11-02,Weekday,1000,2-Car,No injury/unknown,UNSAFE BACKING,S COLLEGE MALL,39.16394547,-86.49833535,"39.16394547,-86.49833535"
902551918,2015-11-02,Weekday,1200,2-Car,No injury/unknown,FOLLOWING TOO CLOSELY,SR37N & VERNAL,39.17635934,-86.56266121,"39.17635934,-86.56266121"
902552020,2015-11-02,Weekday,1200,2-Car,No injury/unknown,FAILURE TO YIELD RIGHT OF WAY,3RD & SWAIN,39.16425012,-86.51525996,"39.16425012,-86.51525996"
902552026,2015-11-02,Weekday,1300,2-Car,No injury/unknown,FOLLOWING TOO CLOSELY,N WALNUT & W 8TH,39.169552,-86.533552,"39.169552,-86.533552"
902552046,2015-11-01,Weekday,2100,1-Car,Incapacitating,RAN OFF ROAD RIGHT,E CHAMBERS,39.30432,-86.5168,"39.30432,-86.5168"
902552090,2015-11-02,Weekday,1400,2-Car,Non-incapacitating,FAILURE TO YIELD RIGHT OF WAY,MILLER & WALNUT,39.14681026,-86.53250397,"39.14681026,-86.53250397"
902552104,2015-11-02,Weekday,1500,1-Car,No injury/unknown,UNSAFE LANE MOVEMENT,ADAMS HILL & COUNTRYSIDE,39.14240018,-86.55079265,"39.14240018,-86.55079265"
902552128,2015-11-02,Weekday,1300,2-Car,No injury/unknown,UNSAFE LANE MOVEMENT,3RD & WALNUT,39.16464,-86.5336,"39.16464,-86.5336"
902552193,2015-11-02,Weekday,1600,3+ Cars,Incapacitating,DRIVER DISTRACTED - EXPLAIN IN NARRATIVE,CURRY & WOODLYN,39.145856,-86.582592,"39.145856,-86.582592"
902552274,2015-11-02,Weekday,1600,3+ Cars,Incapacitating,FOLLOWING TOO CLOSELY,ROCKPORT & TAPP,39.136448,-86.548704,"39.136448,-86.548704"
902552276,2015-10-06,Weekend,1900,1-Car,No injury/unknown,UNSAFE BACKING,WEST JACOBS,39.1652565,-86.57553863,"39.1652565,-86.57553863"
902552395,2015-11-02,Weekday,1800,2-Car,No injury/unknown,IMPROPER LANE USAGE,EAST HIGH & EAST MOORES,39.15048257,-86.50844643,"39.15048257,-86.50844643"
902552636,2015-11-03,Weekday,0,1-Car,No injury/unknown,UNSAFE SPEED,N MORTON,39.173216,-86.536,"39.173216,-86.536"
902552660,2015-11-03,Weekday,100,3+ Cars,No injury/unknown,OTHER (DRIVER) - EXPLAIN IN NARRATIVE,11TH & SUMMIT,39.173344,-86.548192,"39.173344,-86.548192"
902552700,2015-10-07,Weekend,100,1-Car,No injury/unknown,SPEED TOO FAST FOR WEATHER CONDITIONS,DUNN & SR37N,39.17863846,-86.52835845,"39.17863846,-86.52835845"
902552997,2015-10-07,Weekend,2300,2-Car,No injury/unknown,UNSAFE LANE MOVEMENT,SOUTH LEONARD SPRINGS & SR45W,39.14190066,-86.5828886,"39.14190066,-86.5828886"
902552998,2015-10-07,Weekend,2300,2-Car,No injury/unknown,LEFT OF CENTER,EAST BURKS & SOUTH WALNUT STREET,39.17949145,-86.53136314,"39.17949145,-86.53136314"
902552999,2015-11-01,Weekday,2300,1-Car,Non-incapacitating,ANIMAL/OBJECT IN ROADWAY,GRIFFITH CEMETERY & SR37N,39.32830777,-86.53163909,"39.32830777,-86.53163909"
902553001,2015-11-03,Weekday,800,2-Car,No injury/unknown,UNSAFE BACKING,S WALNUT,39.14841,-86.532966,"39.14841,-86.532966"
902553007,2015-11-03,Weekday,800,2-Car,No injury/unknown,FAILURE TO YIELD RIGHT OF WAY,LONGVIEW & PETE ELLIS,39.166944,-86.495056,"39.166944,-86.495056"
902553023,2015-10-06,Weekday,1000,1-Car,No injury/unknown,RAN OFF ROAD RIGHT,FULLERTON & SR37,39.27730306,-86.57208251,"39.27730306,-86.57208251"
902553048,2015-11-03,Weekday,800,2-Car,No injury/unknown,FAILURE TO YIELD RIGHT OF WAY,S LIBERTY,39.145264,-86.577616,"39.145264,-86.577616"
902553084,2015-11-03,Weekday,1000,Pedestrian,Non-incapacitating,IMPROPER TURNING,W ALLEN,39.156128,-86.560912,"39.156128,-86.560912"
902553280,2015-11-03,Weekday,300,2-Car,No injury/unknown,,W 14TH,39.17601731,-86.53614596,"39.17601731,-86.53614596"
902553358,2015-11-03,Weekday,1300,3+ Cars,Incapacitating,FAILURE TO YIELD RIGHT OF WAY,N CURRY & WELMIR,39.16686997,-86.58297032,"39.16686997,-86.58297032"
902553617,2015-11-03,Weekday,1700,Cyclist,Incapacitating,FAILURE TO YIELD RIGHT OF WAY,HICKORY & SR48W,39.164832,-86.585856,"39.164832,-86.585856"
902553637,2015-11-03,Weekday,1800,2-Car,Non-incapacitating,FAILURE TO YIELD RIGHT OF WAY,S CURRY & W 3RD,39.16463971,-86.58292002,"39.16463971,-86.58292002"
902553652,2015-11-03,Weekday,1400,Pedestrian,Non-incapacitating,FAILURE TO YIELD RIGHT OF WAY,N WALNUT & W 7TH,39.16864,-86.533568,"39.16864,-86.533568"
902553792,2015-11-03,Weekday,2200,2-Car,No injury/unknown,IMPROPER TURNING,15TH & N WALNUT,39.176848,-86.533424,"39.176848,-86.533424"
902553872,2015-11-03,Weekday,2200,Pedestrian,Non-incapacitating,OTHER (DRIVER) - EXPLAIN IN NARRATIVE,E 3RD & S FESS,39.164448,-86.525792,"39.164448,-86.525792"
902553988,2015-11-04,Weekday,900,2-Car,No injury/unknown,FAILURE TO YIELD RIGHT OF WAY,CATHCART & WILCOX,39.14356512,-86.49986006,"39.14356512,-86.49986006"